hotspot_id,is_discovered_cluster,centroid_lat,centroid_lon,violation_count,avg_disruption_index,total_lane_width_reduction,police_station,location_name,junction_name,rank
1001,False,12.981198993397728,77.60846573643606,5882,6.200697041822509,15359.5,Shivajinagar,"Main Guard Cross Road, Tasker Town, Shivaji Nagar, Bengaluru, Karnataka. Pin-560001 (India)","Main Guard Cross Road, Tasker Town, Shivaji Nagar, Bengaluru, Karnataka. Pin-560001 (India)",1
1000,False,12.974977769919427,77.57895228791406,4468,7.495859444941808,12329.0,Upparpet,"3rd Cross Road, Kempegowda Extension, Chickpete, Bengaluru, Karnataka. Pin-560009 (India)","3rd Cross Road, Kempegowda Extension, Chickpete, Bengaluru, Karnataka. Pin-560009 (India)",2
1004,False,12.976618052667375,77.57661597744952,4705,6.481934112646121,11882.0,Upparpet,"5th Main Road, Kempe Gowda Circle, Gandhi Nagar, Bengaluru, Karnataka. Pin-560009 (India)","5th Main Road, Kempe Gowda Circle, Gandhi Nagar, Bengaluru, Karnataka. Pin-560009 (India)",3
1013,False,12.964532716212755,77.57734019605452,3783,8.349193761564896,9306.0,City Market,"Mysore Road, Sri Krishna Rajendra Market, Chickpete, Bengaluru, Karnataka. Pin-560002 (India)","Mysore Road, Sri Krishna Rajendra Market, Chickpete, Bengaluru, Karnataka. Pin-560002 (India)",4
1032,False,12.979021375722523,77.57865818029329,2318,8.345772217428818,7852.0,Upparpet,"Vajreshwari Road, R Subanna Circle, Gandhi Nagar, Bengaluru, Karnataka. Pin-560001 (India)","Vajreshwari Road, R Subanna Circle, Gandhi Nagar, Bengaluru, Karnataka. Pin-560001 (India)",5
1031,False,12.98342298277087,77.60344006230018,2252,9.100799289520426,7260.0,Shivajinagar,"Meenakshi Koil Street, Shivaji Nagar, Bengaluru, Karnataka. Pin-560001 (India)","Meenakshi Koil Street, Shivaji Nagar, Bengaluru, Karnataka. Pin-560001 (India)",6
11,True,13.185470132101047,77.67999698539741,1623,8.229821318545902,6678.5,Chikkajala,"Unnamed Road, Begur Chikkanahalli, Bengaluru, Karnataka. Pin-562149 (India)",Discovered Cluster #11,7
4,True,12.933539904422004,77.69071213731667,2627,6.799200609059764,6596.0,HAL Old Airport,"New Horizon College Road, New Horizon College of Engineering, Kadubisanahalli, Bengaluru, Karnataka. Pin-560103 (India)",Discovered Cluster #4,8
1007,False,12.9793429298952,77.57440626309983,1813,6.384169884169884,5756.0,Upparpet,"Subedar Chatram Road, AT Extension, Gandhi Nagar, Bengaluru, Karnataka. Pin-560009 (India)","Subedar Chatram Road, AT Extension, Gandhi Nagar, Bengaluru, Karnataka. Pin-560009 (India)",9
18,True,13.011344511703296,77.5540394582967,1820,11.117307692307692,5289.5,Malleshwaram,"80 Feet Ring Road, Orion, Brigade Gateway, Malleshwaram West, Bengaluru, Karnataka. Pin-560055 (India)",Discovered Cluster #18,10
26,True,13.006665603140775,77.57042232114415,1783,11.561413348289399,5166.5,Malleshwaram,"Sri Venkataranga Ayangar Road, Ranganathapura, Malleshwaram, Bengaluru, Karnataka. Pin-560003 (India)",Discovered Cluster #26,11
1021,False,12.977045431320505,77.5747814132714,1507,6.034505640345056,4463.0,Upparpet,"Subedar Chatram Road, RK Puram, Gandhi Nagar, Bengaluru, Karnataka. Pin-560009 (India)","Subedar Chatram Road, RK Puram, Gandhi Nagar, Bengaluru, Karnataka. Pin-560009 (India)",12
1015,False,12.96669376408046,77.57440335938698,1044,10.979885057471265,4054.5,Chamarajpet,"AS Char Main Road, Santhusapete, Chickpete, Bengaluru, Karnataka. Pin-560053 (India)","AS Char Main Road, Santhusapete, Chickpete, Bengaluru, Karnataka. Pin-560053 (India)",13
8,True,12.939723819081728,77.69546545056657,657,14.178843226788432,3815.0,HAL Old Airport,"Kadubeesanahalli Underpass, Kadubisanahalli Junction, Kadubisanahalli, Bengaluru, Karnataka. Pin-560103 (India)",Discovered Cluster #8,14
2,True,13.008524695873154,77.695366338106,1151,6.142050390964378,3596.0,K.R. Pura,"MBT Road, Devasandra Junction, KR Puram, Bengaluru, Karnataka. Pin-560036 (India)",Discovered Cluster #2,15
1026,False,12.998918009448568,77.54950488817951,1586,4.611286254728878,3572.5,Rajajinagar,"WOC Road, Block 1, Rajaji Nagar, Bengaluru, Karnataka. Pin-560010 (India)","WOC Road, Block 1, Rajaji Nagar, Bengaluru, Karnataka. Pin-560010 (India)",16
71,True,12.996209480719953,77.66850779125161,607,9.772652388797365,3424.5,Mahadevapura,"Old Madras Road, Royal Heritage, Pai Layout, Mahadevapura, Bengaluru, Karnataka. Pin-560016 (India)",Discovered Cluster #71,17
1023,False,12.964412068857591,77.5830609187011,1278,5.405320813771518,3355.5,Halasuru Gate,"Pailwan M Krishnappa Road, Shoukath Mohalla, Nagartapete, Bengaluru, Karnataka. Pin-560002 (India)","Pailwan M Krishnappa Road, Shoukath Mohalla, Nagartapete, Bengaluru, Karnataka. Pin-560002 (India)",18
1033,False,12.974209033187055,77.545292690565,1823,4.512342292923752,3335.0,Vijayanagara,"Chord Road, Manuvana, Vijaya Nagar, Bengaluru, Karnataka. Pin-560040 (India)","Chord Road, Manuvana, Vijaya Nagar, Bengaluru, Karnataka. Pin-560040 (India)",19
23,True,12.997736244949955,77.5713687979072,1099,10.785714285714286,3309.0,Malleshwaram,"Sri Venkataranga Ayangar Road, RR Palace, Malleshwaram, Bengaluru, Karnataka. Pin-560003 (India)",Discovered Cluster #23,20
1054,False,13.00777223936073,77.55464902063927,1095,11.32420091324201,3061.5,Malleshwaram,"80 Feet Ring Road, Dr Rajkumar Road 17th Cross Junction, Rajaji Nagar, Bengaluru, Karnataka. Pin-560010 (India)","80 Feet Ring Road, Dr Rajkumar Road 17th Cross Junction, Rajaji Nagar, Bengaluru, Karnataka. Pin-560010 (India)",21
1005,False,12.992900784244553,77.58818762646376,1526,3.621559633027523,3043.0,High ground,"Palace Road, Kalpana Circle, Vasant Nagar, Bengaluru, Karnataka. Pin-560001 (India)","Palace Road, Kalpana Circle, Vasant Nagar, Bengaluru, Karnataka. Pin-560001 (India)",22
1014,False,12.97352827037037,77.58116998888889,1053,5.786324786324786,2981.0,Upparpet,"Y Ramachandra Road, Maharani College Junction, Gandhi Nagar, Bengaluru, Karnataka. Pin-560009 (India)","Y Ramachandra Road, Maharani College Junction, Gandhi Nagar, Bengaluru, Karnataka. Pin-560009 (India)",23
13,True,12.982847914614121,77.61073009137931,1218,5.321428571428571,2947.5,Shivajinagar,"Kamaraj Road, Sri Nagamma Devi Circle, Sivanchetti Gardens, Bengaluru, Karnataka. Pin-560042 (India)",Discovered Cluster #13,24
1010,False,12.965236061291954,77.53789868470861,1273,2.931264728986646,2825.5,Vijayanagara,"Sri Sankasta Hara Ganapati Temple Road, RPC Layout, Vijaya Nagar Stage 2, Bengaluru, Karnataka. Pin-560104 (India)","Sri Sankasta Hara Ganapati Temple Road, RPC Layout, Vijaya Nagar Stage 2, Bengaluru, Karnataka. Pin-560104 (India)",25
111,True,13.000334151676924,77.67708072517252,697,16.64490674318508,2789.0,Mahadevapura,"Outer Ring Road, Venkatappa Colony, Mahadevapura, Bengaluru, Karnataka. Pin-560016 (India)",Discovered Cluster #111,26
113,True,12.964729951812368,77.71776438091685,938,7.869402985074627,2478.5,HAL Old Airport,"ITPL Main Road, Brigade Tech Gardens, Brookefield, Bengaluru, Karnataka. Pin-560037 (India)",Discovered Cluster #113,27
30,True,13.035310753015873,77.58902439978836,945,5.412169312169312,2377.5,Hebbala,"Bellary Road, Vinayaka Nagar, Hebbal, Bengaluru, Karnataka. Pin-560024 (India)",Discovered Cluster #30,28
14,True,12.957891079176742,77.70165952276948,715,8.118181818181819,2348.0,HAL Old Airport,"Marathahalli Underpass, Ashwath Nagar, Marathahalli, Bengaluru, Karnataka. Pin-560037 (India)",Discovered Cluster #14,29
15,True,12.973456095540309,77.61516642504289,583,5.704116638078903,2323.5,Halasur,"Mahatma Gandhi Road, Mittal Towers, Yellappa Chetty Layout, Sivanchetti Gardens, Bengaluru, Karnataka. Pin-560042 (India)",Discovered Cluster #15,30
1077,False,12.976936568141593,77.57075569238938,565,7.8584070796460175,2215.5,Chamarajpet,"Rao Bahadur DGT Road, Majestic Circle, Majestic, Bengaluru, Karnataka. Pin-560023 (India)","Rao Bahadur DGT Road, Majestic Circle, Majestic, Bengaluru, Karnataka. Pin-560023 (India)",31
51,True,13.191274310507726,77.64624639933776,453,9.311258278145695,2109.0,Chikkajala,"Bengaluru Bellary Road, Sadahalli Gate Junction, Navarathna Agrahara, Bengaluru, Karnataka. Pin-562157 (India)",Discovered Cluster #51,32
1075,False,12.971316586111776,77.57550410954526,709,7.419605077574048,1949.5,City Market,"AS Char Main Road, Chickpet Circle, Chickpete, Bengaluru, Karnataka. Pin-560053 (India)","AS Char Main Road, Chickpet Circle, Chickpete, Bengaluru, Karnataka. Pin-560053 (India)",33
1036,False,12.973480886547085,77.55089874899103,892,8.185538116591928,1897.0,Magadi Road,"1st Cross Road, Mallige Thotta, Cholurpalya, Bengaluru, Karnataka. Pin-560023 (India)","1st Cross Road, Mallige Thotta, Cholurpalya, Bengaluru, Karnataka. Pin-560023 (India)",34
154,True,12.970422808245749,77.6466167584159,481,10.482328482328482,1872.5,Jeevanbheemanagar,"Sir CV Raman Hospital Road, The Junction, Indiranagar, Bengaluru, Karnataka. Pin-560008 (India)",Discovered Cluster #154,35
1062,False,12.95955479703154,77.57666911372912,539,7.999072356215214,1862.5,City Market,"Tippu Sultan Palace Road, Kalasipalyam, Bengaluru, Karnataka. Pin-560002 (India)","Tippu Sultan Palace Road, Kalasipalyam, Bengaluru, Karnataka. Pin-560002 (India)",36
108,True,12.971744540102062,77.65810091307173,727,7.154057771664374,1845.0,Jeevanbheemanagar,"Pusa Thippasandra Main Road, Nada Prabhu Kempegowda Circle, New Thippasandra, Bengaluru, Karnataka. Pin-560075 (India)",Discovered Cluster #108,37
1066,False,13.002455863116056,77.5501098753577,629,8.327503974562799,1785.5,Malleshwaram,"19th Main Road, Dr M Munivenkataswamy Circle, Rajaji Nagar, Bengaluru, Karnataka. Pin-560010 (India)","19th Main Road, Dr M Munivenkataswamy Circle, Rajaji Nagar, Bengaluru, Karnataka. Pin-560010 (India)",38
89,True,12.9305756031763,77.68535546069185,520,15.8125,1769.0,HAL Old Airport,"Outer Ring Road, Saffron Square, Kariyammana Agrahara, Bengaluru, Karnataka. Pin-560103 (India)",Discovered Cluster #89,39
88,True,13.07105272143727,77.58793467161998,821,4.171741778319123,1710.0,Kodigehalli,"Sahakar Nagar Road, Fortune Acacia, Byatarayanapura, Bengaluru, Karnataka. Pin-560092 (India)",Discovered Cluster #88,40
1069,False,12.98119319343318,77.59842454815667,868,3.8058755760368665,1647.5,Shivajinagar,"Cunningham Road, Coffee Board Junction, Vasant Nagar, Bengaluru, Karnataka. Pin-560001 (India)","Cunningham Road, Coffee Board Junction, Vasant Nagar, Bengaluru, Karnataka. Pin-560001 (India)",41
1056,False,12.943962315717858,77.57143034614516,702,4.788461538461538,1614.0,Basavanagudi,"Sri DV Gundappa Road, Shopper Junction, Basavanagudi, Bengaluru, Karnataka. Pin-560004 (India)","Sri DV Gundappa Road, Shopper Junction, Basavanagudi, Bengaluru, Karnataka. Pin-560004 (India)",42
1058,False,13.008877536630008,77.54920832600195,624,5.503205128205129,1611.0,Rajajinagar,"1st Main Road, Block 1R, Rajaji Nagar, Bengaluru, Karnataka. Pin-560010 (India)","1st Main Road, Block 1R, Rajaji Nagar, Bengaluru, Karnataka. Pin-560010 (India)",43
1008,False,12.97150985882353,77.5969948947479,476,6.684873949579832,1593.0,Cubbon Park,"Walton Road, Walton Road Circle, Shanthala Nagar, Bengaluru, Karnataka. Pin-560001 (India)","Walton Road, Walton Road Circle, Shanthala Nagar, Bengaluru, Karnataka. Pin-560001 (India)",44
40,True,12.950955690725522,77.69985101484421,260,27.375,1570.5,HAL Old Airport,"Outer Ring Road, Sharadamma Layout, Munnekolala, Bengaluru, Karnataka. Pin-560037 (India)",Discovered Cluster #40,45
10,True,12.927446645424773,77.67963950811057,459,14.673202614379084,1521.0,Bellandur,"Outer Ring Road, Citilights Libery Apartment, Kariyammana Agrahara, Bengaluru, Karnataka. Pin-560103 (India)",Discovered Cluster #10,46
7,True,13.005698587453658,77.68579506415745,585,3.5871794871794873,1519.0,K.R. Pura,"MBT Road, SM Layout, Dooravani Nagar, Bengaluru, Karnataka. Pin-560016 (India)",Discovered Cluster #7,47
1065,False,12.999424556528126,77.55073900457668,574,7.60801393728223,1509.0,Malleshwaram,"19th Main Road, Block 1, Rajaji Nagar, Bengaluru, Karnataka. Pin-560010 (India)","19th Main Road, Block 1, Rajaji Nagar, Bengaluru, Karnataka. Pin-560010 (India)",48
1017,False,12.993659926356933,77.55381417336051,466,7.701716738197425,1499.0,Rajajinagar,"P&T Road, BSNL Quarters, Block 2, Rajaji Nagar, Bengaluru, Karnataka. Pin-560010 (India)","P&T Road, BSNL Quarters, Block 2, Rajaji Nagar, Bengaluru, Karnataka. Pin-560010 (India)",49
75,True,12.980199759759035,77.6138430366265,415,7.945783132530121,1487.0,Shivajinagar,"Dickenson Road, Sivanchetti Gardens, Bengaluru, Karnataka. Pin-560042 (India)",Discovered Cluster #75,50
22,True,12.943594858877526,77.69760136516265,318,20.9748427672956,1373.0,HAL Old Airport,"Outer Ring Road, Salarpuria Sattva Eminence, Kadubisanahalli, Bengaluru, Karnataka. Pin-560103 (India)",Discovered Cluster #22,51
39,True,12.938129867693432,77.69876850218704,441,9.095238095238095,1342.0,HAL Old Airport,"Panathur Main Road, Darshan Layout, Kadubisanahalli, Bengaluru, Karnataka. Pin-560103 (India)",Discovered Cluster #39,52
1022,False,12.986309651115961,77.57899448477256,379,6.3179419525065965,1309.5,High ground,"Dr MH Ambarish Road, Padmashree RMP Aaradhya Circle, Gandhi Nagar, Bengaluru, Karnataka. Pin-560001 (India)","Dr MH Ambarish Road, Padmashree RMP Aaradhya Circle, Gandhi Nagar, Bengaluru, Karnataka. Pin-560001 (India)",53
1051,False,12.95260133730534,77.5411796510953,410,5.314634146341463,1292.0,Byatarayanapura,"Mysore Road, BR Pura, Bengaluru, Karnataka. Pin-560026 (India)","Mysore Road, BR Pura, Bengaluru, Karnataka. Pin-560026 (India)",54
29,True,12.841981707889547,77.64565966331362,507,5.099605522682446,1282.0,Electronic City,"Neeladri Road, Ajmera Annex, Karuna Nagar, Doddathogur, Bengaluru, Karnataka. Pin-560100 (India)",Discovered Cluster #29,55
1100,False,12.935769962719297,77.6154128114035,456,8.172149122807017,1263.0,Adugodi,"20th Main Road, Block 7, Koramangala, Bengaluru, Karnataka. Pin-560095 (India)","20th Main Road, Block 7, Koramangala, Bengaluru, Karnataka. Pin-560095 (India)",56
32,True,12.89224884102084,77.63781914414675,388,9.713917525773196,1196.5,Hulimavu,"Hosur Road, Ozone Manay Tech Park, Garvebhavi Palya, Bengaluru, Karnataka. Pin-560068 (India)",Discovered Cluster #32,57
95,True,12.995498386979548,77.69577595569638,324,11.891975308641975,1195.5,Mahadevapura,"Whitefield Road, Phoenix Marketcity, Dyavasandra Industrial Estate Phase 2, Mahadevapura, Bengaluru, Karnataka. Pin-560048 (India)",Discovered Cluster #95,58
1064,False,12.982397111776955,77.55992122603615,402,9.7363184079602,1107.0,Magadi Road,"80 Feet Ring Road, SSI Industrial Area, Block 5, Rajaji Nagar, Bengaluru, Karnataka. Pin-560010 (India)","80 Feet Ring Road, SSI Industrial Area, Block 5, Rajaji Nagar, Bengaluru, Karnataka. Pin-560010 (India)",59
1083,False,12.963765475437837,77.64216252359928,323,12.357585139318886,1103.5,Jeevanbheemanagar,"Domlur Inner Ring Road, Dr BR Ambedkar Circle, Indiranagar, Bengaluru, Karnataka. Pin-560008 (India)","Domlur Inner Ring Road, Dr BR Ambedkar Circle, Indiranagar, Bengaluru, Karnataka. Pin-560008 (India)",60
100,True,12.936318961074319,77.69238938970683,279,16.704301075268816,1092.5,HAL Old Airport,"Outer Ring Road, Rajiv Nagar, Kadubisanahalli, Bengaluru, Karnataka. Pin-560103 (India)",Discovered Cluster #100,61
1009,False,12.968850608572716,77.53669337440863,473,5.6701902748414374,1038.0,Vijayanagara,"1st Main Road, Police Quarters, Vijaya Nagar, Bengaluru, Karnataka. Pin-560040 (India)","1st Main Road, Police Quarters, Vijaya Nagar, Bengaluru, Karnataka. Pin-560040 (India)",62
85,True,12.96962768703242,77.57562532169577,401,7.412718204488778,1010.0,City Market,"AS Char Main Road, Chickpet Circle, Chickpete, Bengaluru, Karnataka. Pin-560053 (India)",Discovered Cluster #85,63
24,True,12.959335517632022,77.64564359987632,256,6.060546875,1005.5,Jeevanbheemanagar,"Golf Avenue Road, Muniallappa Garden, Kodihalli, Bengaluru, Karnataka. Pin-560008 (India)",Discovered Cluster #24,64
48,True,12.90641438657905,77.62981573157882,330,7.368181818181818,998.0,HSR Layout,"Hosapalya Main Road, BKL Colony, Bommanahalli, Bengaluru, Karnataka. Pin-560068 (India)",Discovered Cluster #48,65
65,True,12.973723112030076,77.62296669924812,266,11.12781954887218,993.5,Halasur,"Old Madras Road, Lido Mall, Someshwarpura, Halasuru, Bengaluru, Karnataka. Pin-560008 (India)",Discovered Cluster #65,66
1085,False,12.923620679686866,77.61937351924857,207,18.342995169082126,983.0,Madiwala,"Domlur Inner Ring Road, Block 2, Koramangala, Bengaluru, Karnataka. Pin-560068 (India)","Domlur Inner Ring Road, Block 2, Koramangala, Bengaluru, Karnataka. Pin-560068 (India)",67
1002,False,12.997496244673503,77.54696107350536,385,4.793506493506493,973.5,Vijayanagara,"Padmabhushan Dr MC Modi Road, Phase 1, Manjunatha Nagar, Rajaji Nagar, Bengaluru, Karnataka. Pin-560010 (India)","Padmabhushan Dr MC Modi Road, Phase 1, Manjunatha Nagar, Rajaji Nagar, Bengaluru, Karnataka. Pin-560010 (India)",68
1,True,12.99551413226601,77.61399975665024,406,4.807881773399015,969.0,Pulikeshinagar(F.Town),"Coles Road, Silver Enclave, Frazer Town, Bengaluru, Karnataka. Pin-560005 (India)",Discovered Cluster #1,69
1049,False,12.956572720608108,77.58602540506757,296,9.217905405405405,965.5,Wilson Garden,"Lalbagh Main Road, SGN Layout, Kalasipalyam, Bengaluru, Karnataka. Pin-560027 (India)","Lalbagh Main Road, SGN Layout, Kalasipalyam, Bengaluru, Karnataka. Pin-560027 (India)",70
77,True,12.960943023758865,77.51174843262412,282,12.198581560283689,964.5,Jnanabharathi,"Mallathahalli Road, Block 12, BDA Layout, Nagarbhavi Stage 2, Bengaluru, Karnataka. Pin-560072 (India)",Discovered Cluster #77,71
91,True,12.989255846010638,77.59905901835107,376,3.029255319148936,951.0,Shivajinagar,"Queens Road, Rajiv Gandhi Colony, Shivaji Nagar, Bengaluru, Karnataka. Pin-560051 (India)",Discovered Cluster #91,72
1035,False,12.974644583123425,77.54741107153653,397,5.0705289672544085,932.5,Vijayanagara,"Chord Road, Sindhya Sunshine Apartment, Vijaya Nagar, Bengaluru, Karnataka. Pin-560040 (India)","Chord Road, Sindhya Sunshine Apartment, Vijaya Nagar, Bengaluru, Karnataka. Pin-560040 (India)",73
59,True,13.027866363392857,77.5742299547619,336,3.6235119047619047,931.5,Sadashivanagar,"80 Feet Road, Block 2, Armane Nagar, Bengaluru, Karnataka. Pin-560094 (India)",Discovered Cluster #59,74
1090,False,12.99851919445629,77.55306201833689,469,7.768656716417911,920.0,Malleshwaram,"80 Feet Ring Road, Navarang Circle, Rajaji Nagar, Bengaluru, Karnataka. Pin-560010 (India)","80 Feet Ring Road, Navarang Circle, Rajaji Nagar, Bengaluru, Karnataka. Pin-560010 (India)",75
1043,False,12.961740155526314,77.59953285605263,380,4.935526315789474,901.0,Ashok Nagar,"O Shaughnessy Road, Divyasree Chambers, Langford Garden, Richmond Town, Bengaluru, Karnataka. Pin-560025 (India)","O Shaughnessy Road, Divyasree Chambers, Langford Garden, Richmond Town, Bengaluru, Karnataka. Pin-560025 (India)",76
1055,False,12.985188595642612,77.55385094237738,351,6.021367521367521,885.0,Rajajinagar,"Vatal Nagaraj Road, Bescom Employees House Building Cooperative Society, Rajaji Nagar, Bengaluru, Karnataka. Pin-560010 (India)","Vatal Nagaraj Road, Bescom Employees House Building Cooperative Society, Rajaji Nagar, Bengaluru, Karnataka. Pin-560010 (India)",77
1060,False,12.97579000643013,77.5615621504878,369,5.1558265582655824,853.0,Magadi Road,"G Narayana Kumar Road, Annapurneshwari Industrial Area, Magadi Road Area, Bengaluru, Karnataka. Pin-560023 (India)","G Narayana Kumar Road, Annapurneshwari Industrial Area, Magadi Road Area, Bengaluru, Karnataka. Pin-560023 (India)",78
38,True,13.017411671493212,77.53142927828054,221,6.237556561085973,845.5,Rajajinagar,"Dr Rajkumar Puniya Bhoomi Road, Block 3, Nandini Layout, Bengaluru, Karnataka. Pin-560096 (India)",Discovered Cluster #38,79
146,True,12.97011033035294,77.6067130552938,358,4.737430167597766,839.5,Ashok Nagar,"Brigade Road, St Patricks Complex, Ashok Nagar, Bengaluru, Karnataka. Pin-560025 (India)",Discovered Cluster #146,80
27,True,12.999784433691756,77.56939136630825,279,11.924731182795698,833.5,Malleshwaram,"Siddavanahalli Krishna Sharma Road, Parisara Organic Junction, Malleshwaram, Bengaluru, Karnataka. Pin-560003 (India)",Discovered Cluster #27,81
1123,False,12.928094261341853,77.58066901533546,313,6.984025559105431,833.0,Jayanagara,"5th Main Road, Shri Vinayaka Circle, Jayanagar, Bengaluru, Karnataka. Pin-560011 (India)","5th Main Road, Shri Vinayaka Circle, Jayanagar, Bengaluru, Karnataka. Pin-560011 (India)",82
56,True,12.98665399159292,77.57446836902656,226,6.017699115044247,819.0,Sheshadripuram,"Padmabhushan Dr RK Srikantan Road, Seshadripuram Police Station Junction, Seshadripuram, Bengaluru, Karnataka. Pin-560020 (India)",Discovered Cluster #56,83
82,True,12.99541420543131,77.61041360351437,313,5.330670926517572,816.0,Pulikeshinagar(F.Town),"Saunders Road, Pulikeshi Nagar, Frazer Town, Bengaluru, Karnataka. Pin-560005 (India)",Discovered Cluster #82,84
46,True,12.959824816602763,77.64902487427754,219,7.7534246575342465,809.0,Jeevanbheemanagar,"Old Airport Road, Manipal Hospital Junction, Kodihalli, Bengaluru, Karnataka. Pin-560008 (India)",Discovered Cluster #46,85
1070,False,12.958280056206897,77.57758386827587,290,7.139655172413793,807.5,City Market,"Kalasipalyam Main Road, Kalasipalyam, Bengaluru, Karnataka. Pin-560002 (India)","Kalasipalyam Main Road, Kalasipalyam, Bengaluru, Karnataka. Pin-560002 (India)",86
52,True,12.975726044885382,77.55882605604687,397,2.858942065491184,804.5,Magadi Road,"G Narayana Kumar Road, Block C, KP Agrahara, Bengaluru, Karnataka. Pin-560023 (India)",Discovered Cluster #52,87
112,True,12.971455400768882,77.71196400651701,208,11.334134615384615,803.5,HAL Old Airport,"ITPL Main Road, SJR Brooklyn Apartment, Kundalhalli, Bengaluru, Karnataka. Pin-560037 (India)",Discovered Cluster #112,88
1044,False,12.953815313872918,77.54333742664406,315,2.588888888888889,787.5,Byatarayanapura,"Mysore Road, Satellite Bus Stand Junction, New Timber Yard Layout, Bengaluru, Karnataka. Pin-560026 (India)","Mysore Road, Satellite Bus Stand Junction, New Timber Yard Layout, Bengaluru, Karnataka. Pin-560026 (India)",89
61,True,12.979158456920205,77.69505897881804,210,12.647619047619047,769.5,Mahadevapura,"Outer Ring Road, Doddanekundi, Bengaluru, Karnataka. Pin-560037 (India)",Discovered Cluster #61,90
152,True,13.008009470967743,77.52675464516129,124,14.17741935483871,769.5,Rajajinagar,"Laggere Service Road, Narasimhaswamy Layout, Laggere, Bengaluru, Karnataka. Pin-560058 (India)",Discovered Cluster #152,91
116,True,13.096958270397112,77.59963067797834,277,7.73826714801444,757.5,Yelahanka,"Jakkur Main Road, Raitarasanthe, Nehru Nagar, Bengaluru, Karnataka. Pin-560064 (India)",Discovered Cluster #116,92
81,True,12.899757632478305,77.67546852765973,262,4.505725190839694,757.0,Bellandur,"Amrutha College Road, Azalea, Owners Court Layout, Kasavanahalli, Bengaluru, Karnataka. Pin-560035 (India)",Discovered Cluster #81,93
1063,False,12.972529560626615,77.5381363494018,286,7.428321678321678,749.5,Vijayanagara,"17th Cross Road, MRCR Extension, Vijaya Nagar, Bengaluru, Karnataka. Pin-560040 (India)","17th Cross Road, MRCR Extension, Vijaya Nagar, Bengaluru, Karnataka. Pin-560040 (India)",94
1115,False,12.99864595755627,77.54140129260449,311,3.635048231511254,741.5,Vijayanagara,"Dr Siddaiah Puranik Marg, Bhimajyothi LIC Colony, Basaveshwara Nagar, Bengaluru, Karnataka. Pin-560079 (India)","Dr Siddaiah Puranik Marg, Bhimajyothi LIC Colony, Basaveshwara Nagar, Bengaluru, Karnataka. Pin-560079 (India)",95
1072,False,12.934316957222222,77.60838739611111,180,8.738888888888889,731.0,Mico Layout,"Krishna Nagar Main Road, Chikka Lakshmaiah Layout, Adugodi, Bengaluru, Karnataka. Pin-560029 (India)","Krishna Nagar Main Road, Chikka Lakshmaiah Layout, Adugodi, Bengaluru, Karnataka. Pin-560029 (India)",96
84,True,13.022707997068403,77.5928355801303,307,7.094462540716612,726.0,R.T. Nagar,"RT Nagar Main Road, Judicial Officers HBCS, Ganga Nagar, Bengaluru, Karnataka. Pin-560032 (India)",Discovered Cluster #84,97
12,True,12.925880298230084,77.67632185245768,215,14.867441860465116,725.5,Bellandur,"Outer Ring Road, Bellandur Circle, Bellandur, Bengaluru, Karnataka. Pin-560103 (India)",Discovered Cluster #12,98
45,True,12.91164795551724,77.63808631551724,290,10.939655172413794,709.0,HSR Layout,"14th Main Road, The Metropolitan Cooperative Housing Society, Sector 4, HSR Layout, Bengaluru, Karnataka. Pin-560102 (India)",Discovered Cluster #45,99
1053,False,12.969067881,77.6002887665,200,7.145,699.5,Ashok Nagar,"Grant Road, Walton Road Circle, Shanthala Nagar, Bengaluru, Karnataka. Pin-560001 (India)","Grant Road, Walton Road Circle, Shanthala Nagar, Bengaluru, Karnataka. Pin-560001 (India)",100
50,True,12.964440196641792,77.55455237686567,268,7.585820895522388,698.5,Magadi Road,"Hosahalli Main Road, Umar Farooq Nagar, Padarayanapura, Bengaluru, Karnataka. Pin-560018 (India)",Discovered Cluster #50,101
1050,False,12.979895092121517,77.55486575412323,211,14.585308056872037,669.5,Magadi Road,"80 Feet Ring Road, Sri SV Chenna Krishnaiah Circle, Rajaji Nagar, Bengaluru, Karnataka. Pin-560010 (India)","80 Feet Ring Road, Sri SV Chenna Krishnaiah Circle, Rajaji Nagar, Bengaluru, Karnataka. Pin-560010 (India)",102
1082,False,12.917290036036707,77.57373794538526,184,10.402173913043478,659.5,Jayanagara,"Konanakunte Main Road, Banashankari Bus Stand Junction, JP Nagar Phase 1, Bengaluru, Karnataka. Pin-560070 (India)","Konanakunte Main Road, Banashankari Bus Stand Junction, JP Nagar Phase 1, Bengaluru, Karnataka. Pin-560070 (India)",103
97,True,13.030639331257253,77.5363667094168,217,12.17741935483871,635.0,Yeshwanthpura,"Mumbai Bengaluru Highway, Gorguntepalya Junction, Yeshwanthpur, Bengaluru, Karnataka. Pin-560022 (India)",Discovered Cluster #97,104
0,True,12.95751398262911,77.51889524084507,213,4.727699530516432,626.5,Byatarayanapura,"Dr Rajkumar Puniya Bhoomi Road, Nagarabavi Circle, Chandra Layout Stage 1, Bengaluru, Karnataka. Pin-560072 (India)",Discovered Cluster #0,105
1045,False,12.93117602041885,77.58459846020942,191,9.486910994764397,622.0,Jayanagara,"11th Main Road, Geetha Colony, Jayanagar, Bengaluru, Karnataka. Pin-560011 (India)","11th Main Road, Geetha Colony, Jayanagar, Bengaluru, Karnataka. Pin-560011 (India)",106
135,True,12.941588065979381,77.56708885463918,194,8.177835051546392,612.0,Basavanagudi,"5th Main Road, Dhondusa Layout, Basavanagudi, Bengaluru, Karnataka. Pin-560004 (India)",Discovered Cluster #135,107
1103,False,12.926080338121547,77.5857439,181,10.099447513812155,610.0,Jayanagara,"11th Main Road, Jayanagar, Bengaluru, Karnataka. Pin-560011 (India)","11th Main Road, Jayanagar, Bengaluru, Karnataka. Pin-560011 (India)",108
1071,False,12.932043314193548,77.61291799032259,155,11.280645161290323,609.0,Adugodi,"Thavarekere Main Road, Prestige Lexington Towers, Sadduguntepalya, Bengaluru, Karnataka. Pin-560029 (India)","Thavarekere Main Road, Prestige Lexington Towers, Sadduguntepalya, Bengaluru, Karnataka. Pin-560029 (India)",109
1076,False,12.990529225413711,77.55115152139716,186,7.255376344086022,608.5,Rajajinagar,"Chord Road, Shivanahalli Junction, Rajaji Nagar, Bengaluru, Karnataka. Pin-560010 (India)","Chord Road, Shivanahalli Junction, Rajaji Nagar, Bengaluru, Karnataka. Pin-560010 (India)",110
93,True,12.912498635918103,77.63541744849746,278,9.219424460431656,608.0,HSR Layout,"9th Main Road, The Metropolitan Cooperative Housing Society, Sector 4, HSR Layout, Bengaluru, Karnataka. Pin-560102 (India)",Discovered Cluster #93,111
159,True,13.04989776909091,77.59307931227272,220,10.840909090909092,606.5,Kodigehalli,"Bellary Road, Esteem Mall, Hebbal Kempapura, Bengaluru, Karnataka. Pin-560024 (India)",Discovered Cluster #159,112
1038,False,12.987833013374571,77.53748843619124,244,5.44672131147541,606.0,Vijayanagara,"Dr Siddaiah Puranik Marg, Havanur Circle, Basaveshwara Nagar, Bengaluru, Karnataka. Pin-560079 (India)","Dr Siddaiah Puranik Marg, Havanur Circle, Basaveshwara Nagar, Bengaluru, Karnataka. Pin-560079 (India)",113
90,True,12.993626796460177,77.66239929867257,226,10.150442477876107,597.5,Banaswadi,"Old Madras Road, Gopalan Signature Mall, Nagavara Palya, CV Raman Nagar, Bengaluru, Karnataka. Pin-560093 (India)",Discovered Cluster #90,114
209,True,12.913605504564316,77.6053891373444,241,7.437759336099585,597.5,Mico Layout,"7th Cross Road, MICO Layout, BTM Layout Stage 2, Bengaluru, Karnataka. Pin-560076 (India)",Discovered Cluster #209,115
42,True,12.926612974509803,77.60894490098039,102,16.970588235294116,589.0,Mico Layout,"Thavarekere Main Road, Brindavan Nagar, Sadduguntepalya, Bengaluru, Karnataka. Pin-560029 (India)",Discovered Cluster #42,116
139,True,13.000000342975206,77.61104801239671,242,4.991735537190083,589.0,Pulikeshinagar(F.Town),"Robertson Road, Sri Ramakrishnappa Circle, Frazer Town, Bengaluru, Karnataka. Pin-560005 (India)",Discovered Cluster #139,117
1011,False,12.914672044651162,77.60825404186046,215,8.125581395348837,581.0,Mico Layout,"7th Cross Road, MICO Employees House Building Cooperative Society, BTM Layout Stage 2, Bengaluru, Karnataka. Pin-560076 (India)","7th Cross Road, MICO Employees House Building Cooperative Society, BTM Layout Stage 2, Bengaluru, Karnataka. Pin-560076 (India)",118
1073,False,12.974323229890409,77.55194069721873,245,8.00204081632653,570.5,Magadi Road,"G Narayana Kumar Road, Mallige Thotta, Cholurpalya, Bengaluru, Karnataka. Pin-560023 (India)","G Narayana Kumar Road, Mallige Thotta, Cholurpalya, Bengaluru, Karnataka. Pin-560023 (India)",119
64,True,12.959424854950495,77.7160926920792,202,8.361386138613861,564.0,HAL Old Airport,"ITPL Main Road, Maruthi Emerald, Thubarahalli, Bengaluru, Karnataka. Pin-560066 (India)",Discovered Cluster #64,120
1030,False,12.945867522482375,77.57039015146333,174,6.462643678160919,557.5,Basavanagudi,"Gandhi Bazar Road, Gandhi Bazar Circle, Basavanagudi, Bengaluru, Karnataka. Pin-560004 (India)","Gandhi Bazar Road, Gandhi Bazar Circle, Basavanagudi, Bengaluru, Karnataka. Pin-560004 (India)",121
1040,False,12.987082482702704,77.55520818594594,185,8.902702702702703,551.0,Rajajinagar,"10th Main Road, Bescom Employees House Building Cooperative Society, Rajaji Nagar, Bengaluru, Karnataka. Pin-560010 (India)","10th Main Road, Bescom Employees House Building Cooperative Society, Rajaji Nagar, Bengaluru, Karnataka. Pin-560010 (India)",122
1039,False,12.983448223257106,77.54859206339397,176,8.119318181818182,543.5,Magadi Road,"20th Main Road, Jedehalli, Rajaji Nagar, Bengaluru, Karnataka. Pin-560010 (India)","20th Main Road, Jedehalli, Rajaji Nagar, Bengaluru, Karnataka. Pin-560010 (India)",123
104,True,13.018666048713518,77.55816398167637,158,12.481012658227849,543.0,Yeshwanthpura,"CV Raman Road, Samvidhana Circle, Malleshwaram West, Bengaluru, Karnataka. Pin-560055 (India)",Discovered Cluster #104,124
34,True,12.970000112413793,77.63823031172414,145,11.058620689655172,537.5,Jeevanbheemanagar,"12th Main Road, Kittur Rani Chennamma Circle, Indiranagar, Bengaluru, Karnataka. Pin-560008 (India)",Discovered Cluster #34,125
1074,False,12.99033687414634,77.55361042341463,205,7.802439024390244,534.5,Rajajinagar,"41st Cross Road, ESI Hospital Junction, Rajaji Nagar, Bengaluru, Karnataka. Pin-560010 (India)","41st Cross Road, ESI Hospital Junction, Rajaji Nagar, Bengaluru, Karnataka. Pin-560010 (India)",126
62,True,12.973016155001362,77.61997600539597,138,11.420289855072463,529.5,Halasur,"Murphy Road, 1 MG Road Mall, Someshwarpura, Halasuru, Bengaluru, Karnataka. Pin-560008 (India)",Discovered Cluster #62,127
156,True,13.121805773015874,77.63096377460317,126,10.551587301587302,517.5,Chikkajala,"Bellahali Main Road, Niranthara Layout, Dwarka Nagar, Kattigenahalli, Bengaluru, Karnataka. Pin-560063 (India)",Discovered Cluster #156,128
1101,False,12.978503076192984,77.54272474789111,188,5.773936170212766,514.5,Magadi Road,"G Narayana Kumar Road, Jai Maniurao Circle, Vijaya Nagar, Bengaluru, Karnataka. Pin-560040 (India)","G Narayana Kumar Road, Jai Maniurao Circle, Vijaya Nagar, Bengaluru, Karnataka. Pin-560040 (India)",129
1020,False,12.936720609482759,77.60269414051724,116,7.762931034482759,504.5,Mico Layout,"Dairy Circle Flyover Underpass, Dairy Circle, Adugodi, Bengaluru, Karnataka. Pin-560029 (India)","Dairy Circle Flyover Underpass, Dairy Circle, Adugodi, Bengaluru, Karnataka. Pin-560029 (India)",130
1012,False,12.928852774657534,77.58262042876711,146,8.174657534246576,495.0,Jayanagara,"Diagonal Road, Shri Vinayaka Circle, Jayanagar, Bengaluru, Karnataka. Pin-560011 (India)","Diagonal Road, Shri Vinayaka Circle, Jayanagar, Bengaluru, Karnataka. Pin-560011 (India)",131
1106,False,12.98745649883041,77.54967923040935,171,6.97953216374269,491.5,Vijayanagara,"Chord Road, Dhobi Ghat Junction, Rajaji Nagar, Bengaluru, Karnataka. Pin-560010 (India)","Chord Road, Dhobi Ghat Junction, Rajaji Nagar, Bengaluru, Karnataka. Pin-560010 (India)",132
1108,False,12.977236355609756,77.54556351365854,205,6.287804878048781,488.5,Vijayanagara,"1st Cross Road, Sindhya Sunshine Apartment, Vijaya Nagar, Bengaluru, Karnataka. Pin-560040 (India)","1st Cross Road, Sindhya Sunshine Apartment, Vijaya Nagar, Bengaluru, Karnataka. Pin-560040 (India)",133
161,True,13.039979090082646,77.518564784573,121,13.400826446280991,484.0,Peenya,"Jalahalli Cross Road, Jalahalli Cross Junction, Peenya, Bengaluru, Karnataka. Pin-560058 (India)",Discovered Cluster #161,134
6,True,12.969705592982455,77.64131652397661,171,11.976608187134502,466.0,Jeevanbheemanagar,"Domlur Inner Ring Road, HAL Stage 2, Indiranagar, Bengaluru, Karnataka. Pin-560008 (India)",Discovered Cluster #6,135
1122,False,12.962025375576037,77.59625323502304,217,4.2695852534562215,447.5,Ashok Nagar,"Andree Road, Bheemanna Garden, Shanti Nagar, Bengaluru, Karnataka. Pin-560027 (India)","Andree Road, Bheemanna Garden, Shanti Nagar, Bengaluru, Karnataka. Pin-560027 (India)",136
1137,False,12.945233234117648,77.52815952117646,85,10.858823529411765,443.5,Byatarayanapura,"Mysore Road, Joythi Nagar, Deepanjali Nagar, Bengaluru, Karnataka. Pin-560039 (India)","Mysore Road, Joythi Nagar, Deepanjali Nagar, Bengaluru, Karnataka. Pin-560039 (India)",137
5,True,12.996314523502303,77.5631519843318,217,6.076036866359447,443.5,Sheshadripuram,"4th Main Road, Nagappa Block, Srirampuram, Bengaluru, Karnataka. Pin-560021 (India)",Discovered Cluster #5,138
132,True,13.034791890243902,77.62476544390243,82,16.134146341463413,441.0,K.G. Halli,"5th Cross Road, Rajath Greens, Block 5 Stage 1, HBR Layout, Bengaluru, Karnataka. Pin-560043 (India)",Discovered Cluster #132,139
198,True,12.94752151372549,77.69896826764706,102,20.441176470588236,417.0,HAL Old Airport,"Outer Ring Road, Sumadhura Platinum Square, Kadubisanahalli, Bengaluru, Karnataka. Pin-560037 (India)",Discovered Cluster #198,140
1088,False,12.980998947674381,77.58787399565288,116,7.008620689655173,406.5,Cubbon Park,"D Devaraj Urs Road, Karnataka Bhavan Junction, Gandhi Nagar, Bengaluru, Karnataka. Pin-560001 (India)","D Devaraj Urs Road, Karnataka Bhavan Junction, Gandhi Nagar, Bengaluru, Karnataka. Pin-560001 (India)",141
1059,False,12.962781155978261,77.59836376793479,184,4.608695652173913,397.5,Ashok Nagar,"Cronwell Road, Langford Garden, Richmond Town, Bengaluru, Karnataka. Pin-560025 (India)","Cronwell Road, Langford Garden, Richmond Town, Bengaluru, Karnataka. Pin-560025 (India)",142
1046,False,12.968066137333334,77.58874301266665,150,5.426666666666667,395.0,Halasuru Gate,"Kasturba Road, Hudson Circle, Nagartapete, Bengaluru, Karnataka. Pin-560002 (India)","Kasturba Road, Hudson Circle, Nagartapete, Bengaluru, Karnataka. Pin-560002 (India)",143
35,True,13.023604031707318,77.58492314308943,123,5.5,394.0,R.T. Nagar,"Bellary Road, HGH Layout, Ganga Nagar, Bengaluru, Karnataka. Pin-560032 (India)",Discovered Cluster #35,144
150,True,13.028930251392786,77.5396404123301,103,16.349514563106798,390.5,Yeshwanthpura,"Mumbai Bengaluru Highway, Godrej Tiara, Yeshwanthpur Suburb Stage 2, Yeshwanthpur, Bengaluru, Karnataka. Pin-560022 (India)",Discovered Cluster #150,145
60,True,12.87593834226804,77.64790716494845,97,6.201030927835052,375.0,Hulimavu,"Hosur Road, Total Environment Greensleeves, HAL Layout, Bengaluru, Karnataka. Pin-560068 (India)",Discovered Cluster #60,146
92,True,13.008499407194245,77.54298583956835,139,7.931654676258993,372.0,Rajajinagar,"8th Main Road, Sri Vasavi Garden, Mahalakshmi Layout, Bengaluru, Karnataka. Pin-560086 (India)",Discovered Cluster #92,147
129,True,12.930894650588234,77.60649170764705,170,5.1,371.0,Mico Layout,"1st Main Road, Bharthi Layout, Sadduguntepalya, Bengaluru, Karnataka. Pin-560029 (India)",Discovered Cluster #129,148
1048,False,12.96054626724138,77.58723999655173,116,9.163793103448276,360.0,Halasuru Gate,"1st Cross Road, CSI Compound, Kalasipalyam, Bengaluru, Karnataka. Pin-560027 (India)","1st Cross Road, CSI Compound, Kalasipalyam, Bengaluru, Karnataka. Pin-560027 (India)",149
181,True,12.978165185714285,77.63936402571429,140,5.682142857142857,360.0,Jeevanbheemanagar,"Chinmaya Mission Hospital Road, KFC Circle, Indiranagar, Bengaluru, Karnataka. Pin-560038 (India)",Discovered Cluster #181,150
98,True,12.9735865125,77.6075706797619,168,4.613095238095238,359.0,Ashok Nagar,"Brigade Road, Cauvery Junction, Shanthala Nagar, Bengaluru, Karnataka. Pin-560001 (India)",Discovered Cluster #98,151
1003,False,12.988444108779458,77.59184861866619,122,5.872950819672131,356.5,High ground,"Millers Road, BKM Gowda Circle, Vasant Nagar, Bengaluru, Karnataka. Pin-560001 (India)","Millers Road, BKM Gowda Circle, Vasant Nagar, Bengaluru, Karnataka. Pin-560001 (India)",152
1079,False,12.958067217699115,77.58128097345133,113,5.221238938053097,356.5,City Market,"Model Road, Ryders Junction, Kalasipalyam, Bengaluru, Karnataka. Pin-560027 (India)","Model Road, Ryders Junction, Kalasipalyam, Bengaluru, Karnataka. Pin-560027 (India)",153
1111,False,12.968851087378642,77.58619345339805,103,7.087378640776699,352.5,Halasuru Gate,"District Office Road, Cubbonpet, Nagartapete, Bengaluru, Karnataka. Pin-560002 (India)","District Office Road, Cubbonpet, Nagartapete, Bengaluru, Karnataka. Pin-560002 (India)",154
227,True,12.968545786666667,77.64987523866667,75,13.666666666666666,351.0,Jeevanbheemanagar,"Jeevan Bhima Nagar Main Road, Indian Airlines Staff Quarters, Indiranagar, Bengaluru, Karnataka. Pin-560008 (India)",Discovered Cluster #227,155
246,True,12.991585602884614,77.65230233269232,104,3.375,351.0,Banaswadi,"Railway Line Road, NGEF Layout, Benaiganahalli, Bengaluru, Karnataka. Pin-560038 (India)",Discovered Cluster #246,156
1061,False,12.976506216831684,77.5852301940594,101,6.9405940594059405,350.5,Upparpet,"Palace Road, Gandhi Nagar, Bengaluru, Karnataka. Pin-560001 (India)","Palace Road, Gandhi Nagar, Bengaluru, Karnataka. Pin-560001 (India)",157
9,True,12.934973686144577,77.53646993012049,166,6.051204819277109,344.0,Banashankari,"8th Main Road, Veerannana Guda, Veerabhadra Nagar, Banashankari Stage 3, Bengaluru, Karnataka. Pin-560085 (India)",Discovered Cluster #9,158
41,True,13.063107894285714,77.59189022666666,105,9.514285714285714,334.0,Kodigehalli,"20th Main Road, Block G, Sahakara Nagar, Bengaluru, Karnataka. Pin-560092 (India)",Discovered Cluster #41,159
107,True,12.888711154014599,77.56278032481751,137,6.916058394160584,333.5,Thalagattapura,"Konanakunte Main Road, Gopalan Jewels, Siddanna Layout, Bikaspura, Bengaluru, Karnataka. Pin-560062 (India)",Discovered Cluster #107,160
1057,False,12.911531048672567,77.58609670884955,113,8.814159292035399,333.5,J.P. Nagar,"9th Cross Road, Mayura Circle, JP Nagar Phase 1, Bengaluru, Karnataka. Pin-560078 (India)","9th Cross Road, Mayura Circle, JP Nagar Phase 1, Bengaluru, Karnataka. Pin-560078 (India)",161
1027,False,12.928324412598425,77.58584631181103,127,7.724409448818897,327.0,Jayanagara,"11th Main Road, Jayanagar, Bengaluru, Karnataka. Pin-560011 (India)","11th Main Road, Jayanagar, Bengaluru, Karnataka. Pin-560011 (India)",162
1152,False,12.992566256,77.55789046133333,150,6.54,320.0,Rajajinagar,"7th Cross Road, Prakash Nagar, Bengaluru, Karnataka. Pin-560021 (India)","7th Cross Road, Prakash Nagar, Bengaluru, Karnataka. Pin-560021 (India)",163
119,True,13.027618186231884,77.5425691115942,138,11.380434782608695,319.5,Yeshwanthpura,"Mumbai Bengaluru Highway, Cardinal One, Industrial Suburb, Yeshwanthpur, Bengaluru, Karnataka. Pin-560022 (India)",Discovered Cluster #119,164
1087,False,12.977445537190082,77.59054647520661,121,5.231404958677686,316.5,Cubbon Park,"Dr Ambedkar Road, Shanthaveri Gopalagowda Circle, Gandhi Nagar, Bengaluru, Karnataka. Pin-560001 (India)","Dr Ambedkar Road, Shanthaveri Gopalagowda Circle, Gandhi Nagar, Bengaluru, Karnataka. Pin-560001 (India)",165
1086,False,12.979845745544555,77.5924834049505,101,6.148514851485149,310.5,Cubbon Park,"Dr Ambedkar Road, Police Thimmaiah Circle, Gandhi Nagar, Bengaluru, Karnataka. Pin-560001 (India)","Dr Ambedkar Road, Police Thimmaiah Circle, Gandhi Nagar, Bengaluru, Karnataka. Pin-560001 (India)",166
1081,False,12.912213550442479,77.57330892035398,113,8.079646017699115,309.5,Jayanagara,"Konanakunte Main Road, Prestige Brooklyn Heights, JP Nagar Phase 1, Bengaluru, Karnataka. Pin-560070 (India)","Konanakunte Main Road, Prestige Brooklyn Heights, JP Nagar Phase 1, Bengaluru, Karnataka. Pin-560070 (India)",167
105,True,12.989804036134453,77.57303805630251,119,5.7100840336134455,304.0,Sheshadripuram,"Sirur Park Road, Shri Rajiv Gandhi Circle, Seshadripuram, Bengaluru, Karnataka. Pin-560020 (India)",Discovered Cluster #105,168
83,True,13.047485033103447,77.57610216137931,145,4.593103448275862,301.5,Kodigehalli,"Bhadrappa Flyover, Nagashetty Halli, RMV Stage 2, Bengaluru, Karnataka. Pin-560094 (India)",Discovered Cluster #83,169
20,True,12.985387342418527,77.60545323894738,114,6.447368421052632,301.5,Shivajinagar,"MPV Road, Chandni Chowk, Bengaluru, Karnataka. Pin-560051 (India)",Discovered Cluster #20,170
1018,False,12.94573485339806,77.5957099815534,103,7.504854368932039,299.5,Wilson Garden,"1st Main Road, Arepanahalli, Wilson Garden, Bengaluru, Karnataka. Pin-560027 (India)","1st Main Road, Arepanahalli, Wilson Garden, Bengaluru, Karnataka. Pin-560027 (India)",171
47,True,12.906855994832544,77.54601959395261,80,10.525,299.0,K.S. Layout,"Subramanyapura Main Road, Vallabha Nagar, Uttarahalli, Bengaluru, Karnataka. Pin-560061 (India)",Discovered Cluster #47,172
3,True,12.912422890295494,77.63350477925292,173,5.07514450867052,296.0,HSR Layout,"17th Cross Road, Sector 7, HSR Layout, Bengaluru, Karnataka. Pin-560102 (India)",Discovered Cluster #3,173
1126,False,12.95532003678161,77.59289419655173,87,8.551724137931034,295.0,Wilson Garden,"BTS Main Road, BMTC Junction, Wilson Garden, Bengaluru, Karnataka. Pin-560027 (India)","BTS Main Road, BMTC Junction, Wilson Garden, Bengaluru, Karnataka. Pin-560027 (India)",174
147,True,12.84072592323576,77.67671737412081,83,10.53012048192771,293.0,Electronic City,"Hosur Road, Salarpuria Sattva Alexandria Tech Park, Veerasandra Industrial Area, Bengaluru, Karnataka. Pin-560100 (India)",Discovered Cluster #147,175
1107,False,12.917263195294117,77.57824611411765,85,9.935294117647059,290.0,Jayanagara,"46th Cross Road, Sangam Circle, Jayanagar, Bengaluru, Karnataka. Pin-560070 (India)","46th Cross Road, Sangam Circle, Jayanagar, Bengaluru, Karnataka. Pin-560070 (India)",176
1025,False,12.9350359976,77.5846406392,125,5.964,290.0,Jayanagara,"Sri Nitturu Srinivasarao Road, Madhavan Circle, Jayanagar East, Bengaluru, Karnataka. Pin-560011 (India)","Sri Nitturu Srinivasarao Road, Madhavan Circle, Jayanagar East, Bengaluru, Karnataka. Pin-560011 (India)",177
176,True,13.015271806827558,77.55511406080542,69,20.26086956521739,286.0,Malleshwaram,"Mumbai Bengaluru Highway, WTC Annexe, Malleshwaram West, Bengaluru, Karnataka. Pin-560055 (India)",Discovered Cluster #176,178
102,True,12.9252316375,77.63399860833334,72,4.416666666666667,283.0,Adugodi,"Sarjapur Marathahalli Road, SBI Colony, Koramangala, Bengaluru, Karnataka. Pin-560034 (India)",Discovered Cluster #102,179
1098,False,12.947718018571427,77.5915983157143,70,8.8,281.0,Wilson Garden,"Siddhapura Road, B Venkata Reddy Nagar, Siddapura, Jayanagar East, Bengaluru, Karnataka. Pin-560011 (India)","Siddhapura Road, B Venkata Reddy Nagar, Siddapura, Jayanagar East, Bengaluru, Karnataka. Pin-560011 (India)",180
1006,False,12.962575253521127,77.55813406760564,71,10.80281690140845,280.0,Magadi Road,"JJR Main Road, Tippu Chowk, JJR Nagar North, Bengaluru, Karnataka. Pin-560018 (India)","JJR Main Road, Tippu Chowk, JJR Nagar North, Bengaluru, Karnataka. Pin-560018 (India)",181
1143,False,12.96121133218391,77.63627904827587,87,6.540229885057471,277.0,Halasur,"Old Airport Road, Attimaramma Circle, Domlur, Bengaluru, Karnataka. Pin-560071 (India)","Old Airport Road, Attimaramma Circle, Domlur, Bengaluru, Karnataka. Pin-560071 (India)",182
169,True,12.972338954666668,77.62600084133334,75,10.446666666666667,276.5,Halasur,"1st Cross Road, Ranka Court, Halasuru, Bengaluru, Karnataka. Pin-560008 (India)",Discovered Cluster #169,183
140,True,12.93745883740458,77.58518941450382,131,4.438931297709924,269.0,Wilson Garden,"T Mariyappa Road, Madhavan Circle, Jayanagar East, Bengaluru, Karnataka. Pin-560011 (India)",Discovered Cluster #140,184
1140,False,12.93925189072971,77.58215956012745,121,5.371900826446281,266.5,Wilson Garden,"9th Main Road, Block 2, Jayanagar East, Bengaluru, Karnataka. Pin-560011 (India)","9th Main Road, Block 2, Jayanagar East, Bengaluru, Karnataka. Pin-560011 (India)",185
79,True,13.034572136404526,77.55732556466755,98,5.489795918367347,266.0,Yeshwanthpura,"MS Ramaiah Road, Nada Prabhu Kempegowda Circle, Mathikere, Bengaluru, Karnataka. Pin-560054 (India)",Discovered Cluster #79,186
124,True,12.951586698347787,77.71745054824036,61,4.352459016393443,265.5,Whitefield,"Vibgyor High School Road, Samhita Rainbow MTB Apartment, Green Garden Layout, Munnekolala, Bengaluru, Karnataka. Pin-560037 (India)",Discovered Cluster #124,187
1019,False,12.926756434821428,77.55078105267857,112,4.424107142857143,265.5,Banashankari,"Dr Vishwesha Teertha Swamy Gala Road, Kathriguppe Circle, Banashankari Stage 3, Bengaluru, Karnataka. Pin-560085 (India)","Dr Vishwesha Teertha Swamy Gala Road, Kathriguppe Circle, Banashankari Stage 3, Bengaluru, Karnataka. Pin-560085 (India)",188
1094,False,12.91636216,77.58526277749999,80,9.91875,264.5,J.P. Nagar,"9th Main Road, Block 5, Jayanagar, Bengaluru, Karnataka. Pin-560041 (India)","9th Main Road, Block 5, Jayanagar, Bengaluru, Karnataka. Pin-560041 (India)",189
153,True,12.964374751145037,77.54045670076336,131,2.1030534351145036,257.5,Vijayanagara,"Sri Sankasta Hara Ganapati Temple Road, Hampi Nagar, RPC Layout, Vijaya Nagar Stage 2, Bengaluru, Karnataka. Pin-560104 (India)",Discovered Cluster #153,190
1041,False,12.951029214285715,77.60665308571429,70,9.835714285714285,257.0,Ashok Nagar,"Anepalya Main Road, Muthanna Garden, Nilsandra, Bengaluru, Karnataka. Pin-560030 (India)","Anepalya Main Road, Muthanna Garden, Nilsandra, Bengaluru, Karnataka. Pin-560030 (India)",191
165,True,12.991117924418605,77.57166369651162,86,7.837209302325581,256.0,Sheshadripuram,"Sri Venkataranga Iyengar Road, Sirur Park Junction, Seshadripuram, Bengaluru, Karnataka. Pin-560020 (India)",Discovered Cluster #165,192
1114,False,12.968824398958333,77.54530205416667,96,7.1875,253.0,Vijayanagara,"4th Main Road, Chamrajpet 5th Main Junction, Chamarajpet, Bengaluru, Karnataka. Pin-560018 (India)","4th Main Road, Chamrajpet 5th Main Junction, Chamarajpet, Bengaluru, Karnataka. Pin-560018 (India)",193
54,True,13.045848827272726,77.75035733636363,77,8.331168831168831,248.0,K.R. Pura,"1st Cross Road, Subhams Antique City, Konadasapura, Bengaluru, Karnataka. Pin-560049 (India)",Discovered Cluster #54,194
1102,False,12.990447492753622,77.58861449275363,138,3.510869565217391,240.0,High ground,"Palace Road, Kalpana Circle, Vasant Nagar, Bengaluru, Karnataka. Pin-560001 (India)","Palace Road, Kalpana Circle, Vasant Nagar, Bengaluru, Karnataka. Pin-560001 (India)",195
158,True,12.932532707058822,77.63157715999999,85,8.435294117647059,239.0,Adugodi,"Srinivagilu Main Road, ST Bed Layout Extension, Block 4, Koramangala, Bengaluru, Karnataka. Pin-560034 (India)",Discovered Cluster #158,196
148,True,12.920904916845132,77.66538095244074,103,9.470873786407767,236.5,Bellandur,"Outer Ring Road, Iblur Junction, Bellandur, Bengaluru, Karnataka. Pin-560102 (India)",Discovered Cluster #148,197
1112,False,12.960663848484849,77.63854291515152,66,8.242424242424242,236.0,Halasur,"Kempegowda Road, Domlur, Bengaluru, Karnataka. Pin-560071 (India)","Kempegowda Road, Domlur, Bengaluru, Karnataka. Pin-560071 (India)",198
86,True,12.975327068852458,77.62022805081966,61,7.680327868852459,235.0,Halasur,"Murphy Road, Begum Mahal Junction, Halasuru, Bengaluru, Karnataka. Pin-560008 (India)",Discovered Cluster #86,199
1096,False,12.960801483333334,77.56341168055556,36,13.25,234.0,Chamarajpet,"Albert Victor Road, Sirsi Circle, Chamarajpet, Bengaluru, Karnataka. Pin-560018 (India)","Albert Victor Road, Sirsi Circle, Chamarajpet, Bengaluru, Karnataka. Pin-560018 (India)",200
49,True,13.063405126086957,77.58690436956522,69,10.028985507246377,232.0,Kodigehalli,"15th Cross Road, Oscar Orchards, Sahakara Nagar, Bengaluru, Karnataka. Pin-560092 (India)",Discovered Cluster #49,201
1142,False,12.954025846478874,77.58431167183099,71,8.45774647887324,231.0,City Market,"Karumbigal Road, Lalbagh Main Gate Junction, Wilson Garden, Bengaluru, Karnataka. Pin-560027 (India)","Karumbigal Road, Lalbagh Main Gate Junction, Wilson Garden, Bengaluru, Karnataka. Pin-560027 (India)",202
1068,False,12.982308775675676,77.59866136621622,74,6.1891891891891895,226.0,Shivajinagar,"Infantry Road, Queens Road Junction, Vasant Nagar, Bengaluru, Karnataka. Pin-560001 (India)","Infantry Road, Queens Road Junction, Vasant Nagar, Bengaluru, Karnataka. Pin-560001 (India)",203
189,True,12.91253821111111,77.68084690555555,72,9.222222222222221,224.0,Bellandur,"Sarjapura Main Road, Salarpuria Sanctity, Kaikondrahalli, Bengaluru, Karnataka. Pin-560035 (India)",Discovered Cluster #189,204
1099,False,12.940692755208334,77.57254685104166,96,4.421875,224.0,Basavanagudi,"Nettakallappa Circle, Nattakallappa Circle, Basavanagudi, Bengaluru, Karnataka. Pin-560004 (India)","Nettakallappa Circle, Nattakallappa Circle, Basavanagudi, Bengaluru, Karnataka. Pin-560004 (India)",205
1029,False,12.955013827380954,77.58042188928572,84,5.142857142857143,221.5,City Market,"Kondajji Basappa Road, Minerva Circle, Mavalli, Bengaluru, Karnataka. Pin-560004 (India)","Kondajji Basappa Road, Minerva Circle, Mavalli, Bengaluru, Karnataka. Pin-560004 (India)",206
1080,False,12.96585247051282,77.58539381923077,78,8.166666666666666,220.0,Halasuru Gate,"Sri Dharmaraya Swamy Temple Main Road, Halsurpete, Nagartapete, Bengaluru, Karnataka. Pin-560002 (India)","Sri Dharmaraya Swamy Temple Main Road, Halsurpete, Nagartapete, Bengaluru, Karnataka. Pin-560002 (India)",207
143,True,12.935869324528301,77.51803724528303,106,4.150943396226415,220.0,Byatarayanapura,"Sri Sri Sri Tiruchi Mahaswamiji Road, Gopalan Arcade, Nayandahalli, Bengaluru, Karnataka. Pin-560039 (India)",Discovered Cluster #143,208
122,True,13.003451515384615,77.72349257230769,65,10.061538461538461,219.0,K.R. Pura,"Kodigehalli Main Road, Aryav Greenfields, Kadugodi, KR Puram, Bengaluru, Karnataka. Pin-560067 (India)",Discovered Cluster #122,209
1078,False,12.904714757894736,77.58659179824562,57,10.307017543859649,216.5,J.P. Nagar,"24th Main Road, Shamanna Garden, JP Nagar Phase 5, Bengaluru, Karnataka. Pin-560078 (India)","24th Main Road, Shamanna Garden, JP Nagar Phase 5, Bengaluru, Karnataka. Pin-560078 (India)",210
164,True,12.913750757806472,77.67806428090448,92,6.684782608695652,215.5,Bellandur,"Sarjapura Main Road, Kaikondrahalli, Bengaluru, Karnataka. Pin-560035 (India)",Discovered Cluster #164,211
57,True,13.027076698484848,77.57912885454544,66,4.378787878787879,215.0,Kodigehalli,"80 Feet Road, MET Layout, RMV Stage 2, Bengaluru, Karnataka. Pin-560094 (India)",Discovered Cluster #57,212
221,True,12.971546839423077,77.61816730096153,104,2.3028846153846154,212.5,Halasur,"Midford Garden Lane, Craig Park Layout, Ashok Nagar, Bengaluru, Karnataka. Pin-560001 (India)",Discovered Cluster #221,213
1121,False,12.948476945555555,77.58001555222222,90,4.9,211.5,Basavanagudi,"RV Road, Lalbhagh West Gate Circle, Mavalli, Bengaluru, Karnataka. Pin-560004 (India)","RV Road, Lalbhagh West Gate Circle, Mavalli, Bengaluru, Karnataka. Pin-560004 (India)",214
114,True,13.099036745070423,77.57710377887324,71,8.654929577464788,211.5,Yelahanka,"16th B Cross Road, 1st Stage, Yelahanka New Town, Bengaluru, Karnataka. Pin-560064 (India)",Discovered Cluster #114,215
125,True,13.04542924102564,77.50743618333333,78,10.647435897435898,211.0,Chikkabanavara,"Mumbai Bengaluru Highway, Hesaragatta Cross Junction, T Dasarahalli, Bengaluru, Karnataka. Pin-560057 (India)",Discovered Cluster #125,216
1067,False,12.90833322261905,77.60080585238094,84,7.482142857142857,209.5,Mico Layout,"1st Cross Road, Sarakki Industrial Layout, JP Nagar Phase 3, Bengaluru, Karnataka. Pin-560078 (India)","1st Cross Road, Sarakki Industrial Layout, JP Nagar Phase 3, Bengaluru, Karnataka. Pin-560078 (India)",217
178,True,12.940576418681317,77.52462810549451,91,4.582417582417582,208.5,Byatarayanapura,"Mysore Road, Dr Ambedkar Nagar, Nayandahalli, Bengaluru, Karnataka. Pin-560039 (India)",Discovered Cluster #178,218
1120,False,12.953983232786884,77.59133481311476,61,6.983606557377049,208.5,Wilson Garden,"Sri Kolada Mata Road, Wilson Garden, Bengaluru, Karnataka. Pin-560027 (India)","Sri Kolada Mata Road, Wilson Garden, Bengaluru, Karnataka. Pin-560027 (India)",219
74,True,12.9905956390625,77.57462156718749,64,6.53125,207.0,Sheshadripuram,"J Lingaiah Road, Unishire Pratyaksh, Kumara Park West, Seshadripuram, Bengaluru, Karnataka. Pin-560020 (India)",Discovered Cluster #74,220
44,True,12.978268114285713,77.62865900357143,84,4.964285714285714,206.0,Jeevanbheemanagar,"Old Madras Road, Tamarikannan Junction, Halasuru, Bengaluru, Karnataka. Pin-560008 (India)",Discovered Cluster #44,221
219,True,12.960971732002259,77.52774259040991,118,5.186440677966102,204.0,Byatarayanapura,"4th Main Road, Sri Basaveshwara HBCS, Phase 1, Chandra Layout Stage 2, Bengaluru, Karnataka. Pin-560040 (India)",Discovered Cluster #219,222
130,True,13.050460300884955,77.52553149557522,113,3.6548672566371683,203.5,Jalahalli,"Chikka Banavara RS Road, Prasad Enclave, Jalahalli, Bengaluru, Karnataka. Pin-560015 (India)",Discovered Cluster #130,223
21,True,12.906828103067411,77.69668011637103,92,6.603260869565218,203.0,Bellandur,"Sarjapura Main Road, Doddakannelli Circle, Doddakannelli, Bengaluru, Karnataka. Pin-560035 (India)",Discovered Cluster #21,224
37,True,12.971670192982456,77.50761424035088,57,10.368421052631579,203.0,Jnanabharathi,"Kengeri Main Road, Papareddypalya Circle, Nagarbhavi Stage 2, Bengaluru, Karnataka. Pin-560072 (India)",Discovered Cluster #37,225
1134,False,12.960466720720722,77.53003572072072,111,5.445945945945946,203.0,Byatarayanapura,"4th Main Road, KPA Block, Chandra Layout Stage 2, Bengaluru, Karnataka. Pin-560040 (India)","4th Main Road, KPA Block, Chandra Layout Stage 2, Bengaluru, Karnataka. Pin-560040 (India)",226
126,True,13.099643827906977,77.58867542906977,86,7.011627906976744,201.0,Yelahanka,"3rd A Cross Road, East Colony, Yelahanka, Bengaluru, Karnataka. Pin-560064 (India)",Discovered Cluster #126,227
1034,False,12.952039654716982,77.59044575283019,53,7.7924528301886795,199.0,Wilson Garden,"KH Road, Kengal Hanumanthaiah Circle, Wilson Garden, Bengaluru, Karnataka. Pin-560027 (India)","KH Road, Kengal Hanumanthaiah Circle, Wilson Garden, Bengaluru, Karnataka. Pin-560027 (India)",228
101,True,13.093880261904763,77.59430343619047,105,5.5476190476190474,195.5,Yelahanka,"Allalasandra Main Road, Taralabalu Enclave, Yelahanka, Bengaluru, Karnataka. Pin-560064 (India)",Discovered Cluster #101,229
1095,False,12.966223498305085,77.56937154237289,59,6.694915254237288,190.0,Chamarajpet,"Bhashyam Road, Akkimakalamna Gudi, Cottonpete, Bengaluru, Karnataka. Pin-560053 (India)","Bhashyam Road, Akkimakalamna Gudi, Cottonpete, Bengaluru, Karnataka. Pin-560053 (India)",230
137,True,13.068474244444445,77.59272976349206,63,11.920634920634921,190.0,Kodigehalli,"RK Road Number 7, L&T Tech Park, Byatarayanapura, Bengaluru, Karnataka. Pin-560092 (India)",Discovered Cluster #137,231
1028,False,12.984653420689655,77.59455916724137,58,6.517241379310345,189.0,Cubbon Park,"Ali Asker Road, Embassy Apartment, Vasant Nagar, Bengaluru, Karnataka. Pin-560001 (India)","Ali Asker Road, Embassy Apartment, Vasant Nagar, Bengaluru, Karnataka. Pin-560001 (India)",232
123,True,13.057064523728814,77.54727332881356,59,6.372881355932203,188.0,Jalahalli,"Soniya Gandhi Road, Gangamma Circle, Ramchandrapura, Bengaluru, Karnataka. Pin-560013 (India)",Discovered Cluster #123,233
103,True,12.997226098214286,77.56845388214286,56,13.25,187.5,Malleshwaram,"4th Main Road, Parisara Organic Junction, Malleshwaram, Bengaluru, Karnataka. Pin-560003 (India)",Discovered Cluster #103,234
177,True,12.931547838235293,77.69286311176471,34,10.911764705882353,185.5,HAL Old Airport,"New Horizon College Road, Embassy Tech Village, Devara Beesana Halli, Bengaluru, Karnataka. Pin-560103 (India)",Discovered Cluster #177,235
1052,False,12.906417760217392,77.57315105065217,46,9.08695652173913,184.5,J.P. Nagar,"Dr Rajkumar Puniya Bhoomi Road, Jaraganahalli Circle, Ilyas Nagar, Bengaluru, Karnataka. Pin-560078 (India)","Dr Rajkumar Puniya Bhoomi Road, Jaraganahalli Circle, Ilyas Nagar, Bengaluru, Karnataka. Pin-560078 (India)",236
199,True,12.958567632941177,77.66820463176471,85,4.329411764705882,184.0,HAL Old Airport,"Dr BR Ambedkar Road, HAL Circle, Airport Area, Bengaluru, Karnataka. Pin-560017 (India)",Discovered Cluster #199,237
180,True,12.991990112000002,77.589934421,100,5.49,183.0,High ground,"2nd Cross Road, Valliappa Nagar, Bengaluru, Karnataka. Pin-560001 (India)",Discovered Cluster #180,238
220,True,12.922996562500002,77.65152483749999,48,11.34375,181.5,HSR Layout,"27th Main Road, HSR Layout 27th Main Junction, HSR Layout, Bengaluru, Karnataka. Pin-560102 (India)",Discovered Cluster #220,239
120,True,12.88088947111111,77.6451846311111,45,4.5,181.5,Electronic City,"Hosur Road, HAL Layout, Bengaluru, Karnataka. Pin-560068 (India)",Discovered Cluster #120,240
1105,False,12.938072176621105,77.57691692951026,53,5.867924528301887,179.5,Basavanagudi,"Old Kanakapura Road, Krest Park Apartment, Basavanagudi, Bengaluru, Karnataka. Pin-560004 (India)","Old Kanakapura Road, Krest Park Apartment, Basavanagudi, Bengaluru, Karnataka. Pin-560004 (India)",241
33,True,12.91151991627907,77.62610326046511,43,4.848837209302325,179.0,HSR Layout,"Hosur Road, Krimson Square, Muneshwara Nagar, HSR Layout, Bengaluru, Karnataka. Pin-560102 (India)",Discovered Cluster #33,242
237,True,13.030040621052631,77.53819822105262,38,22.17105263157895,179.0,Yeshwanthpura,"Mumbai Bengaluru Highway, Gorguntepalya Junction, Yeshwanthpur, Bengaluru, Karnataka. Pin-560022 (India)",Discovered Cluster #237,243
1104,False,12.95587255757576,77.54631055454546,33,10.636363636363637,174.5,Byatarayanapura,"Mysore Road, Hosaguddadahalli, New Guddadahalli, Bengaluru, Karnataka. Pin-560026 (India)","Mysore Road, Hosaguddadahalli, New Guddadahalli, Bengaluru, Karnataka. Pin-560026 (India)",244
72,True,12.989322694505494,77.50064835384616,91,5.752747252747253,174.5,Kamakshipalya,"Magadi Main Road, Hanumantharayan Palya, Sunkadakatte, Bengaluru, Karnataka. Pin-560091 (India)",Discovered Cluster #72,245
131,True,13.050781981818181,77.55281588636365,66,5.424242424242424,174.0,Jalahalli,"Rajatha Bhavana Road, Dr K Shivaramakarantha Circle, Jalahalli, Bengaluru, Karnataka. Pin-560013 (India)",Discovered Cluster #131,246
25,True,12.912914627289418,77.62552149329751,57,3.8157894736842106,172.5,HSR Layout,"Hosur Road, Krimson Square, Muneshwara Nagar, HSR Layout, Bengaluru, Karnataka. Pin-560102 (India)",Discovered Cluster #25,247
163,True,12.986870536904762,77.51918181309523,84,3.4166666666666665,169.5,Kamakshipalya,"Dr Rajkumar Puniya Bhoomi Road, Sumnahalli Junction, Kamakshipalya, Bengaluru, Karnataka. Pin-560091 (India)",Discovered Cluster #163,248
1091,False,12.91760202463768,77.57305331014493,69,6.782608695652174,166.5,Banashankari,"Konanakunte Main Road, Banashankari Bus Stand Junction, JP Nagar Phase 1, Bengaluru, Karnataka. Pin-560070 (India)","Konanakunte Main Road, Banashankari Bus Stand Junction, JP Nagar Phase 1, Bengaluru, Karnataka. Pin-560070 (India)",249
1024,False,12.96118785625,77.58455421250001,48,7.708333333333333,165.0,Halasuru Gate,"1st Cross Road, Vinoba Nagar, Kalasipalyam, Bengaluru, Karnataka. Pin-560027 (India)","1st Cross Road, Vinoba Nagar, Kalasipalyam, Bengaluru, Karnataka. Pin-560027 (India)",250
28,True,12.903650093118637,77.70416834938108,63,6.261904761904762,163.5,Bellandur,"Chikkabellanduru Road, Ram Circle, Hadosiddapura, Bengaluru, Karnataka. Pin-560035 (India)",Discovered Cluster #28,251
202,True,12.956719553914242,77.71511627489167,53,8.60377358490566,161.5,HAL Old Airport,"ITPL Main Road, Kundanahalli Gate Junction, Kundalhalli, Bengaluru, Karnataka. Pin-560037 (India)",Discovered Cluster #202,252
1047,False,12.964915415789473,77.58475336140351,57,7.587719298245614,160.0,Halasuru Gate,"Sri Dharmaraya Swamy Temple Main Road, Halsurpete, Nagartapete, Bengaluru, Karnataka. Pin-560002 (India)","Sri Dharmaraya Swamy Temple Main Road, Halsurpete, Nagartapete, Bengaluru, Karnataka. Pin-560002 (India)",253
70,True,12.978729344680852,77.58127518297873,47,9.404255319148936,158.0,Upparpet,"1st Main Road, Railway Officers Enclave, Gandhi Nagar, Bengaluru, Karnataka. Pin-560009 (India)",Discovered Cluster #70,254
205,True,12.931020020588235,77.69490805,34,9.294117647058824,158.0,Bellandur,"Doddakannelli Road, Prestige Sunnyside ELM, Bhoganahalli, Bengaluru, Karnataka. Pin-560103 (India)",Discovered Cluster #205,255
151,True,12.894642258333334,77.59904692708334,48,9.875,158.0,J.P. Nagar,"Bannerghatta Main Road, Adarsh Rhythm, Panduranga Nagar, Bengaluru, Karnataka. Pin-560076 (India)",Discovered Cluster #151,256
67,True,12.931871617360937,77.51559487878025,33,9.454545454545455,156.0,Kengeri,"Sri Sri Sri Tiruchi Mahaswamiji Road, Ideal Home Township, Rajarajeshwari Nagar, Bengaluru, Karnataka. Pin-560098 (India)",Discovered Cluster #67,257
192,True,12.974368457142857,77.71095981836734,49,9.551020408163266,156.0,Mahadevapura,"ITPL Main Road, Sattva Knowledge Court, Kundalhalli, Bengaluru, Karnataka. Pin-560048 (India)",Discovered Cluster #192,258
94,True,12.876375291549296,77.59543722957747,71,7.028169014084507,155.0,Hulimavu,"Shri Ramalingeshwara Cave Temple Road, Royal Meenakshi Mall, Hulimavu, Bengaluru, Karnataka. Pin-560076 (India)",Discovered Cluster #94,259
96,True,13.05828360888889,77.59152350222222,45,10.11111111111111,154.0,Kodigehalli,"4th Cross Road, Brigade Opus, Hebbal, Bengaluru, Karnataka. Pin-560092 (India)",Discovered Cluster #96,260
1089,False,12.905917635294118,77.59309948627451,51,7.166666666666667,153.0,J.P. Nagar,"Dr Rajkumar Puniya Bhoomi Road, Delmia Circle, JP Nagar Phase 3, Bengaluru, Karnataka. Pin-560078 (India)","Dr Rajkumar Puniya Bhoomi Road, Delmia Circle, JP Nagar Phase 3, Bengaluru, Karnataka. Pin-560078 (India)",261
134,True,12.987232678991598,77.73527166890757,119,2.563025210084034,152.5,Whitefield,"Whitefield Road, International Technology Park Bangalore, Whitefield, Bengaluru, Karnataka. Pin-560066 (India)",Discovered Cluster #134,262
1092,False,12.987589524,77.55949845,50,12.81,150.5,Rajajinagar,"80 Feet Ring Road, Udayam Nagar, Ramachandrapuram, Bengaluru, Karnataka. Pin-560021 (India)","80 Feet Ring Road, Udayam Nagar, Ramachandrapuram, Bengaluru, Karnataka. Pin-560021 (India)",263
260,True,13.0012844245283,77.59545703018868,53,8.40566037735849,148.5,R.T. Nagar,"2nd Main Road, Income Tax and Central Excise Staff Quarters, Jayamahal Extension, Bengaluru, Karnataka. Pin-560046 (India)",Discovered Cluster #260,264
1119,False,12.949741834223891,77.57686984843534,48,6.520833333333333,148.5,V.V.Puram (C.Pet),"National High School Road, Sri Vasavi Circle, VV Puram, Bengaluru, Karnataka. Pin-560004 (India)","National High School Road, Sri Vasavi Circle, VV Puram, Bengaluru, Karnataka. Pin-560004 (India)",265
80,True,12.896615943548387,77.72008344354839,62,6.991935483870968,148.0,Whitefield,"Sarjapura Main Road, Kodathi Gate, Kodathi, Bengaluru, Karnataka. Pin-560035 (India)",Discovered Cluster #80,266
223,True,13.071949497777778,77.63375247111111,45,9.78888888888889,147.5,Hennuru,"Thanisandra Main Road, Ex Serviceman Layout, Hegde Nagar, Bengaluru, Karnataka. Pin-560077 (India)",Discovered Cluster #223,267
211,True,12.999862869133427,77.67495657381328,40,17.9875,147.5,Banaswadi,"Outer Ring Road, Dargah Mohalla, Mahadevapura, Bengaluru, Karnataka. Pin-560016 (India)",Discovered Cluster #211,268
231,True,12.9961059,77.6170650975,40,4.925,147.0,Pulikeshinagar(F.Town),"Wheeler Road, Sindhi Colony, Cox Town, Bengaluru, Karnataka. Pin-560005 (India)",Discovered Cluster #231,269
1148,False,12.92969493,77.58060189166666,60,7.3,146.0,Jayanagara,"5th Main Road, Shri Vinayaka Circle, Jayanagar, Bengaluru, Karnataka. Pin-560011 (India)","5th Main Road, Shri Vinayaka Circle, Jayanagar, Bengaluru, Karnataka. Pin-560011 (India)",270
270,True,12.950457253571429,77.52182704642857,28,10.517857142857142,143.5,Byatarayanapura,"Magadi Road, BDA Layout, Block 3, Chandra Layout Stage 1, Bengaluru, Karnataka. Pin-560072 (India)",Discovered Cluster #270,271
207,True,12.947477433333333,77.5336557,21,13.523809523809524,142.0,Byatarayanapura,"Mysore Road, Deepanjali Nagar, Bengaluru, Karnataka. Pin-560026 (India)",Discovered Cluster #207,272
1146,False,12.984126671428571,77.58170976285714,35,8.085714285714285,141.5,High ground,"Dr MH Ambarish Road, Trilite Junction, Vasant Nagar, Bengaluru, Karnataka. Pin-560001 (India)","Dr MH Ambarish Road, Trilite Junction, Vasant Nagar, Bengaluru, Karnataka. Pin-560001 (India)",273
1118,False,12.981004156756757,77.59448258918918,37,7.594594594594595,140.5,Cubbon Park,"Dr Ambedkar Road, Police Thimmaiah Circle, Gandhi Nagar, Bengaluru, Karnataka. Pin-560001 (India)","Dr Ambedkar Road, Police Thimmaiah Circle, Gandhi Nagar, Bengaluru, Karnataka. Pin-560001 (India)",274
195,True,12.884983313333333,77.64241653666666,30,7.15,139.5,Electronic City,"Hosur Road, Ramaiah Reddy Layout, Singasandra, Bengaluru, Karnataka. Pin-560068 (India)",Discovered Cluster #195,275
208,True,13.027653094,77.58597251,50,5.69,138.5,R.T. Nagar,"Bellary Road, Laxmaiah Block, Ganga Nagar, Bengaluru, Karnataka. Pin-560024 (India)",Discovered Cluster #208,276
69,True,13.047061206976746,77.50103740465116,86,6.808139534883721,137.5,Peenya,"Mumbai Bengaluru Highway, Sobha Garrison, Nagasandra, Bengaluru, Karnataka. Pin-560073 (India)",Discovered Cluster #69,277
262,True,12.999558084444445,77.59700864666667,45,9.1,136.5,R.T. Nagar,"1st Main Road, Jayamahal Extension, Bengaluru, Karnataka. Pin-560046 (India)",Discovered Cluster #262,278
1149,False,12.944939343243243,77.5805458972973,37,7.378378378378378,136.5,Basavanagudi,"RV Road, Teachers College Circle, Basavanagudi, Bengaluru, Karnataka. Pin-560004 (India)","RV Road, Teachers College Circle, Basavanagudi, Bengaluru, Karnataka. Pin-560004 (India)",279
1135,False,12.967264861764706,77.59423159411764,34,9.088235294117647,136.0,Halasuru Gate,"Raja Ram Mohan Roy Road, Sampangiram Nagar, Bengaluru, Karnataka. Pin-560027 (India)","Raja Ram Mohan Roy Road, Sampangiram Nagar, Bengaluru, Karnataka. Pin-560027 (India)",280
1042,False,12.991976086,77.53852683,50,6.13,135.5,Vijayanagara,"Dr Siddaiah Puranik Marg, Basaveshwara Nagar, Bengaluru, Karnataka. Pin-560079 (India)","Dr Siddaiah Puranik Marg, Basaveshwara Nagar, Bengaluru, Karnataka. Pin-560079 (India)",281
256,True,13.072634208333334,77.59016873541667,48,5.520833333333333,134.0,Kodigehalli,"Sahakar Nagar Road, L&T Realty Elara Celestia, Byatarayanapura, Bengaluru, Karnataka. Pin-560092 (India)",Discovered Cluster #256,282
55,True,12.893828594117647,77.56778893529412,34,11.529411764705882,134.0,K.S. Layout,"Bikasipura Main Road, LMC Industrial Layout, Konanakunte, Bengaluru, Karnataka. Pin-560062 (India)",Discovered Cluster #55,283
142,True,12.987011809317917,77.61940156594818,41,6.158536585365853,134.0,Pulikeshinagar(F.Town),"Professor K Venkatachalam Circle, Venkatachalam Circle, Sivanchetti Gardens, Bengaluru, Karnataka. Pin-560042 (India)",Discovered Cluster #142,284
225,True,13.014131803921568,77.49203131568628,51,7.794117647058823,132.5,Kamakshipalya,"Thigalarapalya Main Road, Ramegowda Layout, Peenya, Bengaluru, Karnataka. Pin-560058 (India)",Discovered Cluster #225,285
166,True,13.022549083653935,77.6378287741035,77,1.9155844155844155,131.5,Banaswadi,"CMR Road, Jahnavi Layout, Kalyan Nagar, Bengaluru, Karnataka. Pin-560043 (India)",Discovered Cluster #166,286
1132,False,12.959619514285714,77.55531071714286,35,8.214285714285714,130.5,Chamarajpet,"Shantaveri Gopalagowda Road, Mominpura, Old Guddadahalli, Bengaluru, Karnataka. Pin-560026 (India)","Shantaveri Gopalagowda Road, Mominpura, Old Guddadahalli, Bengaluru, Karnataka. Pin-560026 (India)",287
194,True,12.916413363414636,77.6382554707317,41,11.597560975609756,130.5,HSR Layout,"14th Main Road, Sector 5, HSR Layout, Bengaluru, Karnataka. Pin-560102 (India)",Discovered Cluster #194,288
182,True,13.18390233902439,77.68641455609756,41,6.2926829268292686,129.0,Chikkajala,"Unnamed Road, Chikkanahalli North Taluka, Bengaluru, Karnataka. Pin-562149 (India)",Discovered Cluster #182,289
222,True,13.053831858024692,77.59282061481481,81,3.1728395061728394,128.5,Kodigehalli,"Bellary Road, Godrej Platinum, Hebbal Kempapura, Bengaluru, Karnataka. Pin-560024 (India)",Discovered Cluster #222,290
1093,False,12.911305898214286,77.57801831964285,56,6.455357142857143,128.0,J.P. Nagar,"9th Cross Road, Shakambari Nagar, JP Nagar Phase 1, Bengaluru, Karnataka. Pin-560078 (India)","9th Cross Road, Shakambari Nagar, JP Nagar Phase 1, Bengaluru, Karnataka. Pin-560078 (India)",291
1129,False,12.917150125581395,77.59703744186046,43,8.953488372093023,128.0,Jayanagara,"East End A Main Road, Dr BR Ambedkar Circle, Jayanagar, Bengaluru, Karnataka. Pin-560069 (India)","East End A Main Road, Dr BR Ambedkar Circle, Jayanagar, Bengaluru, Karnataka. Pin-560069 (India)",292
230,True,12.910322071875,77.685759228125,32,11.6875,126.0,Bellandur,"Sarjapura Main Road, Saket Callipolis, Halanayakana Halli, Bengaluru, Karnataka. Pin-560035 (India)",Discovered Cluster #230,293
229,True,12.972669759973016,77.64699376627098,27,9.61111111111111,125.5,Jeevanbheemanagar,"Sir CV Raman Hospital Road, Old Thippasandra, Indiranagar, Bengaluru, Karnataka. Pin-560008 (India)",Discovered Cluster #229,294
243,True,12.95635785116279,77.73214930465116,43,5.674418604651163,124.0,Whitefield,"HAL Airport Road, Miraya Rose, Siddapura, Bengaluru, Karnataka. Pin-560066 (India)",Discovered Cluster #243,295
1110,False,12.922477026368062,77.58100135108013,50,7.32,122.5,Jayanagara,"5th Main Road, Shri Satya Sai Circle, Jayanagar, Bengaluru, Karnataka. Pin-560041 (India)","5th Main Road, Shri Satya Sai Circle, Jayanagar, Bengaluru, Karnataka. Pin-560041 (India)",296
210,True,12.942281363888888,77.62241139722222,36,10.166666666666666,122.0,Adugodi,"20th Main Road, KR Garden, Block 8, Koramangala, Bengaluru, Karnataka. Pin-560095 (India)",Discovered Cluster #210,297
188,True,13.020083603448276,77.53203141034483,29,7.931034482758621,122.0,Rajajinagar,"Dr Rajkumar Puniya Bhoomi Road, Block 1, Nandini Layout, Bengaluru, Karnataka. Pin-560096 (India)",Discovered Cluster #188,298
1116,False,12.957114233962265,77.57433816037735,53,4.679245283018868,122.0,V.V.Puram (C.Pet),"Kondajji Basappa Road, Parvatipuram, VV Puram, Bengaluru, Karnataka. Pin-560004 (India)","Kondajji Basappa Road, Parvatipuram, VV Puram, Bengaluru, Karnataka. Pin-560004 (India)",299
76,True,13.054970761764706,77.50762349705882,34,10.485294117647058,121.5,Chikkabanavara,"Hesaraghatta Main Road, Defence Colony, Bagalagunte, Bengaluru, Karnataka. Pin-560073 (India)",Discovered Cluster #76,300
136,True,12.93626808974359,77.61716376923077,39,8.897435897435898,121.0,Adugodi,"20th Main Road, KHB Colony, Block 5, Koramangala, Bengaluru, Karnataka. Pin-560095 (India)",Discovered Cluster #136,301
1016,False,12.96264155882353,77.58983764411765,34,7.9411764705882355,121.0,Halasuru Gate,"Mission Road, M Subbaiah Circle, Sampangiram Nagar, Bengaluru, Karnataka. Pin-560027 (India)","Mission Road, M Subbaiah Circle, Sampangiram Nagar, Bengaluru, Karnataka. Pin-560027 (India)",302
117,True,12.990082886067158,77.503171225,44,8.068181818181818,120.5,Kamakshipalya,"Magadi Main Road, Pattanagere Nagar, Sunkadakatte, Bengaluru, Karnataka. Pin-560091 (India)",Discovered Cluster #117,303
203,True,12.974007645454545,77.50905766969697,33,11.030303030303031,120.0,Jnanabharathi,"Kengeri Main Road, Marilingappa Extension, Nagarbhavi Stage 2, Bengaluru, Karnataka. Pin-560072 (India)",Discovered Cluster #203,304
157,True,12.989118690697675,77.50786748139535,43,8.19767441860465,118.5,Kamakshipalya,"Magadi Main Road, BM Shankarappa Industrial Estate, Sunkadakatte, Bengaluru, Karnataka. Pin-560091 (India)",Discovered Cluster #157,305
63,True,12.818492987499999,77.68915773214285,56,2.2767857142857144,118.5,Electronic City,"Hosur Road, Janatha Colony, Bommasandra, Bengaluru, Karnataka. Pin-560099 (India)",Discovered Cluster #63,306
127,True,12.980063327586207,77.65216731034482,29,8.137931034482758,118.0,Banaswadi,"Dr APJ Abdul Kalam Marg, Sir CV Raman Circle, CV Raman Nagar, Bengaluru, Karnataka. Pin-560093 (India)",Discovered Cluster #127,307
247,True,12.909626129166668,77.64454515833333,48,7.375,118.0,HSR Layout,"19th Main Road, Sector 2, HSR Layout, Bengaluru, Karnataka. Pin-560102 (India)",Discovered Cluster #247,308
249,True,12.85493845357143,77.66490254642858,28,8.25,116.0,Electronic City,"4th Cross Road, Nanjuda Reddy Layout, Phase 1, Electronic City, Bengaluru, Karnataka. Pin-560100 (India)",Discovered Cluster #249,309
99,True,13.026417727586207,77.72051717241378,29,8.586206896551724,113.5,K.R. Pura,"MBT Road, Kodandaram, Medahalli, Bengaluru, Karnataka. Pin-560049 (India)",Discovered Cluster #99,310
200,True,12.942343142424242,77.74723405454546,33,10.318181818181818,113.5,Whitefield,"Muthsandra Main Road, KSRTC Travel House Junction, Varthur Marattahalli, Bengaluru, Karnataka. Pin-560087 (India)",Discovered Cluster #200,311
171,True,12.96901768135593,77.54559801355933,59,5.576271186440678,113.0,Vijayanagara,"1st Main Road, Kuvempu Circle, Vijaya Nagar Stage 2, Bengaluru, Karnataka. Pin-560040 (India)",Discovered Cluster #171,312
73,True,13.006796940540541,77.57882629999999,37,8.594594594594595,112.0,Sadashivanagar,"3rd Main Road, Bashyam Circle, Sadashiva Nagar, Bengaluru, Karnataka. Pin-560080 (India)",Discovered Cluster #73,313
138,True,13.058331596774194,77.59315418709677,31,9.14516129032258,111.5,Kodigehalli,"Bellary Road, Kodigehalli Gate Junction, Byatarayanapura, Bengaluru, Karnataka. Pin-560092 (India)",Discovered Cluster #138,314
170,True,12.894245451495609,77.65713708629859,30,7.2,111.0,HSR Layout,"Haralur Road, Birla Circle, Haralur, Bengaluru, Karnataka. Pin-560035 (India)",Discovered Cluster #170,315
16,True,12.919656589285713,77.64512939285714,28,11.678571428571429,109.0,HSR Layout,"7th Cross Road, Park Square Apartment, Sector 4, HSR Layout, Bengaluru, Karnataka. Pin-560102 (India)",Discovered Cluster #16,316
1113,False,12.92002705609756,77.58293514390243,41,7.902439024390244,108.0,Jayanagara,"40th Cross Road, Block 5, Jayanagar, Bengaluru, Karnataka. Pin-560041 (India)","40th Cross Road, Block 5, Jayanagar, Bengaluru, Karnataka. Pin-560041 (India)",317
145,True,13.1833357,77.68372077575758,33,6.454545454545454,106.5,Chikkajala,"Unnamed Road, Chikkanahalli North Taluka, Bengaluru, Karnataka. Pin-562149 (India)",Discovered Cluster #145,318
110,True,12.962182748717948,77.6491240974359,39,7.6923076923076925,106.0,Jeevanbheemanagar,"5th Main Road, Kodihalli, Bengaluru, Karnataka. Pin-560008 (India)",Discovered Cluster #110,319
214,True,12.956664085294118,77.70865785,34,5.117647058823529,105.0,HAL Old Airport,"Marathahalli Bridge Service Road, Purva Riviera, Marathahalli, Bengaluru, Karnataka. Pin-560037 (India)",Discovered Cluster #214,320
58,True,12.989395851515152,77.5927894121212,33,6.303030303030303,105.0,High ground,"Millers Road, BKM Gowda Circle, Vasant Nagar, Bengaluru, Karnataka. Pin-560001 (India)",Discovered Cluster #58,321
78,True,13.071624648717949,77.59317050512821,39,2.769230769230769,104.0,Hebbala,"Bellary Road, Vista Pixel, Jakkuru Layout, Jakkuru, Bengaluru, Karnataka. Pin-560064 (India)",Discovered Cluster #78,322
234,True,13.007955415384616,77.55691977435897,39,3.730769230769231,103.5,Malleshwaram,"GP Rajarathnam Road, Block A, Subramanya Nagar Stage 2, Rajaji Nagar, Bengaluru, Karnataka. Pin-560010 (India)",Discovered Cluster #234,323
259,True,12.927056396296296,77.69483560370371,27,7.888888888888889,103.5,Bellandur,"Doddakannelli Road, Mayfair Anthem, Bhoganahalli, Bengaluru, Karnataka. Pin-560103 (India)",Discovered Cluster #259,324
240,True,12.924138425099782,77.67305514057144,35,14.542857142857143,103.0,Bellandur,"Outer Ring Road, Golden Residency, Bellandur Village, Bellandur, Bengaluru, Karnataka. Pin-560103 (India)",Discovered Cluster #240,325
265,True,13.02202427826087,77.53270120869566,23,5.869565217391305,103.0,Rajajinagar,"Dr Rajkumar Puniya Bhoomi Road, FTI Junction, Nandini Layout, Bengaluru, Karnataka. Pin-560096 (India)",Discovered Cluster #265,326
1124,False,12.968986183333334,77.61451594583333,24,8.916666666666666,102.0,Halasur,"Brunton Road, Four Seasons Apartment, Ashok Nagar, Bengaluru, Karnataka. Pin-560025 (India)","Brunton Road, Four Seasons Apartment, Ashok Nagar, Bengaluru, Karnataka. Pin-560025 (India)",327
1109,False,12.986967382926828,77.59797085121951,41,3.6219512195121952,102.0,Shivajinagar,"Queens Road, Rajiv Gandhi Colony, Shivaji Nagar, Bengaluru, Karnataka. Pin-560051 (India)","Queens Road, Rajiv Gandhi Colony, Shivaji Nagar, Bengaluru, Karnataka. Pin-560051 (India)",328
204,True,12.938379835714287,77.59259953214287,28,10.928571428571429,102.0,Wilson Garden,"8th Main Road, NIMHANS, Bengaluru, Karnataka. Pin-560029 (India)",Discovered Cluster #204,329
193,True,12.925766390909091,77.61936471363636,22,13.909090909090908,102.0,Madiwala,"1st Cross Road, Block 2, Koramangala, Bengaluru, Karnataka. Pin-560068 (India)",Discovered Cluster #193,330
1147,False,12.952223473917098,77.57575532846315,32,7.25,101.0,V.V.Puram (C.Pet),"Sajjan Rao Circle, Sajjan Rao Circle, VV Puram, Bengaluru, Karnataka. Pin-560004 (India)","Sajjan Rao Circle, Sajjan Rao Circle, VV Puram, Bengaluru, Karnataka. Pin-560004 (India)",331
144,True,13.184098051515152,77.68783751818182,33,6.0606060606060606,100.0,Chikkajala,"Unnamed Road, Chikkanahalli North Taluka, Bengaluru, Karnataka. Pin-562149 (India)",Discovered Cluster #144,332
226,True,13.003523763265306,77.66275438163265,49,6.0,98.0,Banaswadi,"2nd Main Road, Kasturi Nagar, Banaswadi, Bengaluru, Karnataka. Pin-560043 (India)",Discovered Cluster #226,333
149,True,13.18355742413793,77.68235089310346,29,6.758620689655173,98.0,Chikkajala,"Unnamed Road, Chikkanahalli North Taluka, Bengaluru, Karnataka. Pin-562149 (India)",Discovered Cluster #149,334
179,True,13.099346338235293,77.59743850882353,34,5.764705882352941,98.0,Yelahanka,"BB Road, Yelahanka, Bengaluru, Karnataka. Pin-560064 (India)",Discovered Cluster #179,335
17,True,12.916396055813953,77.65174649767441,43,6.767441860465116,97.5,HSR Layout,"27th Main Road, Sector 1, HSR Layout, Bengaluru, Karnataka. Pin-560102 (India)",Discovered Cluster #17,336
68,True,13.001050687500001,77.61229041499999,40,4.8,96.0,Pulikeshinagar(F.Town),"Madhavaraya Mudaliar Road, Puttanna Junction, Frazer Town, Bengaluru, Karnataka. Pin-560005 (India)",Discovered Cluster #68,337
1153,False,12.916988666666667,77.5949107102564,39,6.6923076923076925,95.0,Jayanagara,"South End Main Road, East End Circle, Jayanagar, Bengaluru, Karnataka. Pin-560069 (India)","South End Main Road, East End Circle, Jayanagar, Bengaluru, Karnataka. Pin-560069 (India)",338
133,True,12.959420454178193,77.65584048853871,27,6.111111111111111,95.0,Jeevanbheemanagar,"Old Airport Road, Thimma Reddy Layout, Murugeshpalya, Bengaluru, Karnataka. Pin-560017 (India)",Discovered Cluster #133,339
218,True,12.92482930952381,77.69486993333332,21,4.9523809523809526,92.0,Bellandur,"Doddakannelli Road, Dr BR Ambedkar Layout, Devara Beesana Halli, Bengaluru, Karnataka. Pin-560103 (India)",Discovered Cluster #218,340
232,True,13.034598219354839,77.62357144193548,31,8.709677419354838,90.0,K.G. Halli,"9th Main Road, Rajath Greens, Block 5 Stage 1, HBR Layout, Bengaluru, Karnataka. Pin-560043 (India)",Discovered Cluster #232,341
121,True,12.889771696945298,77.63972887349694,30,6.4,90.0,HSR Layout,"Hosur Road, Gangotri SLV Meadows, Krishna Reddy Industrial Area, Garvebhavi Palya, Bengaluru, Karnataka. Pin-560068 (India)",Discovered Cluster #121,342
160,True,12.885696916840189,77.64146935040773,34,6.838235294117647,90.0,Hulimavu,"Housur Main Road, Ramaiah Reddy Layout, Singasandra, Bengaluru, Karnataka. Pin-560068 (India)",Discovered Cluster #160,343
53,True,12.91683331501745,77.67324969193548,31,8.46774193548387,89.5,Bellandur,"Sarjapura Main Road, Divyasree Elan Homes, Bellandur, Bengaluru, Karnataka. Pin-560103 (India)",Discovered Cluster #53,344
175,True,12.887062133333332,77.64090109583334,24,9.6875,88.5,Hulimavu,"Chikka Begur Main Road, Polisappa Layout, Singasandra, Bengaluru, Karnataka. Pin-560068 (India)",Discovered Cluster #175,345
1127,False,12.927418758333333,77.61673612083334,24,9.0,88.0,Madiwala,"Hosur Road, Madivala, Bengaluru, Karnataka. Pin-560068 (India)","Hosur Road, Madivala, Bengaluru, Karnataka. Pin-560068 (India)",346
185,True,12.900315693548388,77.5858607967742,31,8.338709677419354,87.5,J.P. Nagar,"24th Main Road, Sri SN Venkatesh Reddy Circle, JP Nagar Phase 6, Bengaluru, Karnataka. Pin-560078 (India)",Discovered Cluster #185,347
228,True,12.906742945833335,77.633242275,24,10.5,87.0,HSR Layout,"Hosapalya Main Road, Salarpuria Serenity, Sector 7, HSR Layout, Bengaluru, Karnataka. Pin-560068 (India)",Discovered Cluster #228,348
255,True,12.883623745454544,77.64292432727274,22,4.2272727272727275,87.0,Hulimavu,"Hosur Road, Ramaiah Reddy Layout, Singasandra, Bengaluru, Karnataka. Pin-560068 (India)",Discovered Cluster #255,349
239,True,12.990670034999999,77.6007912,20,8.45,86.5,Shivajinagar,"Broadway Road, Nayak Circle, Shivaji Nagar, Bengaluru, Karnataka. Pin-560051 (India)",Discovered Cluster #239,350
233,True,12.875990993103448,77.61671797931034,29,7.310344827586207,86.5,Hulimavu,"Westend Avenue, Akshaya Nagar, Nyanappanahalli, Devarachikannahalli, Bengaluru, Karnataka. Pin-560068 (India)",Discovered Cluster #233,351
191,True,13.144255935483873,77.61789476129032,31,7.645161290322581,86.5,Chikkajala,"Hosahalli Main Road, Hunasamaranahalli, Bengaluru, Karnataka. Pin-562157 (India)",Discovered Cluster #191,352
162,True,12.998296583333333,77.58176956111112,36,2.8333333333333335,86.0,Sheshadripuram,"J Lingaiah Road, Kempanna Block, Seshadripuram, Bengaluru, Karnataka. Pin-560020 (India)",Discovered Cluster #162,353
1141,False,12.920704931578948,77.60013608947368,19,13.578947368421053,86.0,Mico Layout,"Bannerghatta Main Road, Gurappanapalya Junction, BTM Layout Stage 1, Bengaluru, Karnataka. Pin-560029 (India)","Bannerghatta Main Road, Gurappanapalya Junction, BTM Layout Stage 1, Bengaluru, Karnataka. Pin-560029 (India)",354
245,True,13.119928548275862,77.61002135172414,29,5.896551724137931,85.5,Yelahanka,"Bellary Road, Sattva Horizon, Vinayak Nagar, Kattigenahalli, Bengaluru, Karnataka. Pin-560063 (India)",Discovered Cluster #245,355
190,True,13.050244292,77.494542196,25,15.9,85.5,Chikkabanavara,"Mumbai Bengaluru Highway, Bagalagunte, Bengaluru, Karnataka. Pin-560073 (India)",Discovered Cluster #190,356
172,True,12.97029270917589,77.61018260519761,28,12.214285714285714,85.5,Ashok Nagar,"Magrath Road, Garuda Mall, Ashok Nagar, Bengaluru, Karnataka. Pin-560025 (India)",Discovered Cluster #172,357
168,True,12.990580861904762,77.61214559047619,21,8.0,84.0,Pulikeshinagar(F.Town),"Memorial Road, Sulthan Nagar, Shivaji Nagar, Bengaluru, Karnataka. Pin-560051 (India)",Discovered Cluster #168,358
224,True,12.975016841463416,77.60412998780488,41,4.548780487804878,84.0,Cubbon Park,"Rest House Crescent Road, KP New Extension, Shanthala Nagar, Bengaluru, Karnataka. Pin-560001 (India)",Discovered Cluster #224,359
36,True,12.917065086046511,77.50018434883721,43,7.395348837209302,83.5,Kengeri,"Global City Tech Park Road, Elegant Esplande, BEML Layout Stage 7, Mylasandara, Bengaluru, Karnataka. Pin-560098 (India)",Discovered Cluster #36,360
242,True,13.072173761538462,77.59202658076923,26,4.6923076923076925,81.0,Kodigehalli,"Sahakar Nagar Road, Vista Pixel, Jakkuru Layout, Jakkuru, Bengaluru, Karnataka. Pin-560064 (India)",Discovered Cluster #242,361
266,True,12.914376798168513,77.48131944409091,22,10.590909090909092,81.0,Kengeri,"Kengeri Main Road, Kengeri Satellite Town, Bengaluru, Karnataka. Pin-560060 (India)",Discovered Cluster #266,362
1130,False,12.927730168421053,77.5982772,19,12.710526315789474,80.5,Jayanagara,"Tilak Nagar Main Road, SRK Garden, Jayanagar, Bengaluru, Karnataka. Pin-560011 (India)","Tilak Nagar Main Road, SRK Garden, Jayanagar, Bengaluru, Karnataka. Pin-560011 (India)",363
206,True,12.977897290697676,77.71307592790698,43,3.744186046511628,80.5,Mahadevapura,"Industrial Park Road, RMZ NXT, EPIP Zone, Whitefield, Bengaluru, Karnataka. Pin-560066 (India)",Discovered Cluster #206,364
235,True,12.978258135135135,77.64165528918919,37,4.851351351351352,80.0,Jeevanbheemanagar,"Chinmaya Mission Hospital Road, BM Sri Circle, Indiranagar, Bengaluru, Karnataka. Pin-560038 (India)",Discovered Cluster #235,365
201,True,12.963683014680088,77.7330920792896,28,5.678571428571429,79.5,Whitefield,"Nallurahalli Road, SV Mayfair, Whitefield, Bengaluru, Karnataka. Pin-560066 (India)",Discovered Cluster #201,366
183,True,12.959985900000001,77.64766425,20,5.15,79.0,Jeevanbheemanagar,"Old Airport Road, Prestige Leela Residency, Kodihalli, Bengaluru, Karnataka. Pin-560008 (India)",Discovered Cluster #183,367
212,True,13.039568771428572,77.58971244285715,28,7.089285714285714,78.5,Hebbala,"1st Cross Road, Khaneshumaari, Hebbal, Bengaluru, Karnataka. Pin-560024 (India)",Discovered Cluster #212,368
1158,False,12.98477591304348,77.58828003478261,23,6.6521739130434785,78.0,High ground,"Palace Road, Chalukya Circle, Gandhi Nagar, Bengaluru, Karnataka. Pin-560001 (India)","Palace Road, Chalukya Circle, Gandhi Nagar, Bengaluru, Karnataka. Pin-560001 (India)",369
197,True,12.992788204347827,77.57281482173913,23,6.782608695652174,78.0,Sheshadripuram,"Sirur Park Road, Jai Bheema Nagar, Seshadripuram, Bengaluru, Karnataka. Pin-560020 (India)",Discovered Cluster #197,370
1037,False,12.94542224761905,77.60272476666667,21,10.928571428571429,77.5,Adugodi,"Bannerghatta Main Road, Mythreyi Naimisha, Adugodi, Bengaluru, Karnataka. Pin-560030 (India)","Bannerghatta Main Road, Mythreyi Naimisha, Adugodi, Bengaluru, Karnataka. Pin-560030 (India)",371
31,True,12.99484575319149,77.58982423829787,47,4.095744680851064,76.0,High ground,"1st Cross Road, Kumar Park, Vasant Nagar, Bengaluru, Karnataka. Pin-560001 (India)",Discovered Cluster #31,372
1138,False,13.01591759,77.58436969499999,20,8.2,75.5,R.T. Nagar,"Binny Mill Main Road, Embassy One, Ganga Nagar, Bengaluru, Karnataka. Pin-560032 (India)","Binny Mill Main Road, Embassy One, Ganga Nagar, Bengaluru, Karnataka. Pin-560032 (India)",373
248,True,12.8625025,77.53015081818182,22,10.295454545454545,75.5,Thalagattapura,"Konanakunte Main Road, SS Vrudhi, VISL Layout, Thalaghattapura, Bengaluru, Karnataka. Pin-560109 (India)",Discovered Cluster #248,374
272,True,12.911290894999999,77.64459288,20,11.1,74.0,HSR Layout,"19th Main Road, HSR Layout, Bengaluru, Karnataka. Pin-560102 (India)",Discovered Cluster #272,375
1150,False,12.95757711111111,77.5693587962963,27,6.666666666666667,73.0,V.V.Puram (C.Pet),"4th Main Road, Shri Ma Ramamurthy Circle, Basavanagudi, Bengaluru, Karnataka. Pin-560004 (India)","4th Main Road, Shri Ma Ramamurthy Circle, Basavanagudi, Bengaluru, Karnataka. Pin-560004 (India)",376
1131,False,12.958055829411766,77.55254715294119,17,9.382352941176471,71.5,Chamarajpet,"Mysore Road, Valmiki Nagar, Bengaluru, Karnataka. Pin-560026 (India)","Mysore Road, Valmiki Nagar, Bengaluru, Karnataka. Pin-560026 (India)",377
128,True,12.987942578333334,77.73404272333333,60,2.466666666666667,71.0,Mahadevapura,"Whitefield Road, Hoodi, Bengaluru East City Corporation, Bengaluru, Bangalore East, Bengaluru Urban, Karnataka, 560048, India",Discovered Cluster #128,378
267,True,12.8509053,77.65745645744681,47,3.574468085106383,70.5,Electronic City,"Road Number 1, Salarpuria Infozone, Phase 1, Electronic City, Bengaluru, Karnataka. Pin-560100 (India)",Discovered Cluster #267,379
263,True,13.01872424736842,77.59220016052632,38,5.526315789473684,70.0,R.T. Nagar,"RT Nagar Main Road, Amale Layout, RT Nagar, Bengaluru, Karnataka. Pin-560032 (India)",Discovered Cluster #263,380
167,True,12.968684362162161,77.57909102702702,37,5.5675675675675675,69.5,City Market,"Avenue Road, Shiva Nanda Market, Huriupete, Chickpete, Bengaluru, Karnataka. Pin-560002 (India)",Discovered Cluster #167,381
254,True,13.047380576190475,77.57160801428572,21,14.833333333333334,69.5,Kodigehalli,"Outer Ring Road, Whispering Meadows, Dollars Colony, RMV Stage 2, Bengaluru, Karnataka. Pin-560094 (India)",Discovered Cluster #254,382
251,True,13.05986084670702,77.57667303432608,21,7.785714285714286,69.0,Kodigehalli,"Ganga Bhavani Temple Road, Kodigehalli Circle, Sahakara Nagar, Bengaluru, Karnataka. Pin-560092 (India)",Discovered Cluster #251,383
115,True,13.02905754375,77.57085678749999,32,4.53125,68.5,Sadashivanagar,"Padmasri CK Venkata Ramaiah Road, MS Ramaiah Hospital Junction, RMV Stage 2, Bengaluru, Karnataka. Pin-560094 (India)",Discovered Cluster #115,384
141,True,12.90580283,77.54253244,30,6.583333333333333,67.5,K.S. Layout,"Dr Vishnuvardhan Main Road, Uttarahalli Circle, Uttarahalli, Bengaluru, Karnataka. Pin-560061 (India)",Discovered Cluster #141,385
106,True,12.931522450000001,77.59254486842106,38,5.2894736842105265,67.0,Jayanagara,"10th Cross Road, LIC Colony Junction, Jayanagar East, Bengaluru, Karnataka. Pin-560011 (India)",Discovered Cluster #106,386
109,True,12.966976191304347,77.5473767,23,8.326086956521738,66.5,Magadi Road,"Balasubramanya Street, Telecom Layout, KP Agrahara, Bengaluru, Karnataka. Pin-560023 (India)",Discovered Cluster #109,387
217,True,13.007059129999998,77.621635685,20,3.25,65.0,Pulikeshinagar(F.Town),"Lingarajapuram Flyover, Old Bagalur Layout, Lingarajapuram, Bengaluru, Karnataka. Pin-560084 (India)",Discovered Cluster #217,388
19,True,13.009032121428572,77.75883044285715,28,6.964285714285714,65.0,Mahadevapura,"Whitefield Main Road, Pioneer Moonstone, Seegehalli, Bengaluru, Karnataka. Pin-560067 (India)",Discovered Cluster #19,389
155,True,12.937165134146342,77.62710363170731,41,5.036585365853658,64.5,Adugodi,"Srinivagilu Main Road, Sony World Junction, Koramangala, Bengaluru, Karnataka. Pin-560034 (India)",Discovered Cluster #155,390
87,True,12.99945638275862,77.48876152068966,29,6.568965517241379,64.5,Kamakshipalya,"Andhrahalli Main Road, Soundarya Layout, Andhrahalli, Bengaluru, Karnataka. Pin-560091 (India)",Discovered Cluster #87,391
238,True,13.06197419,77.587256095,20,9.6,64.0,Kodigehalli,"15th Cross Road, Block F, Sahakara Nagar, Bengaluru, Karnataka. Pin-560092 (India)",Discovered Cluster #238,392
173,True,12.967111270270271,77.54282144594595,37,5.148648648648648,63.5,Vijayanagara,"1st A Main Road, Billiards Junction, Vijaya Nagar Stage 2, Bengaluru, Karnataka. Pin-560040 (India)",Discovered Cluster #173,393
261,True,12.854323651724139,77.6621129448276,29,2.1379310344827585,62.0,Electronic City,"Hewlett Packard Avenue, Nanjuda Reddy Layout, Phase 1, Electronic City, Bengaluru, Karnataka. Pin-560100 (India)",Discovered Cluster #261,394
43,True,12.91191765,77.65161568076923,26,7.153846153846154,62.0,HSR Layout,"17th Cross Road, Parangipalya, Sector 2, HSR Layout, Bengaluru, Karnataka. Pin-560102 (India)",Discovered Cluster #43,395
258,True,13.005979014285716,77.59321367619047,21,7.666666666666667,61.0,R.T. Nagar,"Jayamahal Main Road, Munireddypalya, JC Nagar, Bengaluru, Karnataka. Pin-560006 (India)",Discovered Cluster #258,396
253,True,13.071037566666666,77.59252954545455,33,2.121212121212121,61.0,Kodigehalli,"RK Road Number 7, Vista Pixel, Jakkuru Layout, Jakkuru, Bengaluru, Karnataka. Pin-560064 (India)",Discovered Cluster #253,397
244,True,12.95927215,77.656993345,20,9.55,61.0,Jeevanbheemanagar,"Old Airport Road, Kemp Fort Mall, Murugeshpalya, Bengaluru, Karnataka. Pin-560017 (India)",Discovered Cluster #244,398
268,True,12.990871508112814,77.68771663758193,23,5.086956521739131,60.0,Mahadevapura,"Mahadevapura Flyover, Mahadevapura, Bengaluru, Karnataka. Pin-560048 (India)",Discovered Cluster #268,399
1128,False,12.923670829411764,77.57443172941176,17,10.235294117647058,60.0,Banashankari,"13th Cross Road, Jagathguru Shri Sivaratripura Circle, Jayanagar, Bengaluru, Karnataka. Pin-560070 (India)","13th Cross Road, Jagathguru Shri Sivaratripura Circle, Jayanagar, Bengaluru, Karnataka. Pin-560070 (India)",400
236,True,13.098261205263158,77.59828015789473,19,6.2631578947368425,59.5,Yelahanka,"Raithara Santhe Road, Raitarasanthe, Nehru Nagar, Bengaluru, Karnataka. Pin-560064 (India)",Discovered Cluster #236,401
264,True,13.010357277272727,77.54337675000001,22,7.9772727272727275,58.5,Rajajinagar,"8th Main Road, Sri Vasavi Garden, Mahalakshmi Layout, Bengaluru, Karnataka. Pin-560086 (India)",Discovered Cluster #264,402
257,True,13.120481692307692,77.63201265384615,13,9.76923076923077,58.0,Yelahanka,"Bellahali Main Road, Niranthara Layout, Dwarka Nagar, Kattigenahalli, Bengaluru, Karnataka. Pin-560063 (India)",Discovered Cluster #257,403
187,True,13.045463199999999,77.5056303,21,10.666666666666666,58.0,Peenya,"Nelagadaranahalli Main Road, Nelakadirena Halli, T Dasarahalli, Bengaluru, Karnataka. Pin-560073 (India)",Discovered Cluster #187,404
1144,False,12.959687833333334,77.57128834166666,12,12.5,58.0,V.V.Puram (C.Pet),"3rd Main Road, Appajappa Agrahara, Chamarajpet, Bengaluru, Karnataka. Pin-560018 (India)","3rd Main Road, Appajappa Agrahara, Chamarajpet, Bengaluru, Karnataka. Pin-560018 (India)",405
1156,False,12.991479085,77.558177725,20,9.925,57.5,Rajajinagar,"6th Main Road, Prakash Nagar, Bengaluru, Karnataka. Pin-560021 (India)","6th Main Road, Prakash Nagar, Bengaluru, Karnataka. Pin-560021 (India)",406
213,True,12.8409583,77.64989452272727,22,5.818181818181818,56.0,Electronic City,"Neeladri Road, Genesis Eco Sphere, Neeladri Nagar, Electronic City, Bengaluru, Karnataka. Pin-560100 (India)",Discovered Cluster #213,407
250,True,12.918323638461537,77.65174117307693,26,6.346153846153846,55.0,HSR Layout,"27th Main Road, Sector 1, HSR Layout, Bengaluru, Karnataka. Pin-560102 (India)",Discovered Cluster #250,408
66,True,13.083465460869565,77.63826760434782,23,4.695652173913044,54.0,Hennuru,"Munninarasimha Road, Prisha Orchids, Chokkanahalli, Bengaluru, Karnataka. Pin-560064 (India)",Discovered Cluster #66,409
174,True,12.83925276153846,77.67780211538462,26,4.538461538461538,53.0,Electronic City,"Hosur Road, Gopalan Lake Front, Electronic City, Bengaluru, Karnataka. Pin-560100 (India)",Discovered Cluster #174,410
241,True,12.946267520000001,77.58810513,20,5.3,52.0,Wilson Garden,"Siddhapura Road, Lalbagh East, Mavalli, Bengaluru, Karnataka. Pin-560004 (India)",Discovered Cluster #241,411
216,True,12.988300529166667,77.57226274583333,24,3.5208333333333335,49.5,Sheshadripuram,"Deena Seva Sangh Road, PNR Nagar, Sevashrama, Bengaluru, Karnataka. Pin-560020 (India)",Discovered Cluster #216,412
1125,False,12.962161256249999,77.61530626875,16,3.28125,48.5,Ashok Nagar,"Palmgrove Road, Anglo Indian Block, Elagondanpalya, Xavier Layout, Bengaluru, Karnataka. Pin-560047 (India)","Palmgrove Road, Anglo Indian Block, Elagondanpalya, Xavier Layout, Bengaluru, Karnataka. Pin-560047 (India)",413
1139,False,12.96687145625,77.5870784875,16,9.375,46.5,Halasuru Gate,"Cubbon Pet Main Road, Halsuru Gate Police Station Junction, Nagartapete, Bengaluru, Karnataka. Pin-560002 (India)","Cubbon Pet Main Road, Halsuru Gate Police Station Junction, Nagartapete, Bengaluru, Karnataka. Pin-560002 (India)",414
118,True,12.996947015,77.614238215,20,4.6,46.0,Pulikeshinagar(F.Town),"Mosque Road, Frazer Town, Bengaluru, Karnataka. Pin-560005 (India)",Discovered Cluster #118,415
186,True,13.00061948095238,77.61492857142858,21,2.3333333333333335,46.0,Pulikeshinagar(F.Town),"Madhavaraya Mudaliar Road, Nanjappa Block, Frazer Town, Bengaluru, Karnataka. Pin-560005 (India)",Discovered Cluster #186,416
1136,False,12.978464440000002,77.53811177333334,15,5.766666666666667,45.5,Vijayanagara,"G Narayana Kumar Road, VR Block, Vijaya Nagar, Bengaluru, Karnataka. Pin-560040 (India)","G Narayana Kumar Road, VR Block, Vijaya Nagar, Bengaluru, Karnataka. Pin-560040 (India)",417
196,True,12.87300778035784,77.59420155740544,26,5.019230769230769,44.0,Hulimavu,"Bannerghatta Main Road, Prestige Notting Hill, Kalena Agrahara, Bengaluru, Karnataka. Pin-560076 (India)",Discovered Cluster #196,418
269,True,13.025132821052631,77.58534014736843,19,3.5,43.5,R.T. Nagar,"Bellary Road, HGH Layout, Ganga Nagar, Bengaluru, Karnataka. Pin-560032 (India)",Discovered Cluster #269,419
271,True,12.936539755047535,77.70368785625558,14,9.214285714285714,43.0,HAL Old Airport,"Panathur Main Road, Subbanna Apartment, Varthur Hobli, Panathur, Bengaluru, Karnataka. Pin-560087 (India)",Discovered Cluster #271,420
252,True,12.983763534812192,77.52910734949099,20,4.55,42.5,Kamakshipalya,"G Narayana Kumar Road, Soundarya Kamakshi, Karekallu, Kamakshipalya, Bengaluru, Karnataka. Pin-560079 (India)",Discovered Cluster #252,421
1084,False,12.906502590909092,77.57751178181819,11,8.636363636363637,39.5,J.P. Nagar,"Dr Rajkumar Puniya Bhoomi Road, Sarakki Extension, JP Nagar Phase 1, Bengaluru, Karnataka. Pin-560078 (India)","Dr Rajkumar Puniya Bhoomi Road, Sarakki Extension, JP Nagar Phase 1, Bengaluru, Karnataka. Pin-560078 (India)",422
1133,False,12.922047786022505,77.56079459281005,13,7.653846153846154,38.5,Banashankari,"30th Cross Road, Kittur Rani Chennamma Circle, Banashankari Stage 3, Bengaluru, Karnataka. Pin-560085 (India)","30th Cross Road, Kittur Rani Chennamma Circle, Banashankari Stage 3, Bengaluru, Karnataka. Pin-560085 (India)",423
215,True,12.964444449999998,77.55222553,20,5.7,38.0,Magadi Road,"C Chowdappa Main Road, Block 6, Padarayanapura, Bengaluru, Karnataka. Pin-560026 (India)",Discovered Cluster #215,424
1117,False,12.942097372727272,77.60844672727272,11,5.2727272727272725,36.0,Adugodi,"Hosur Road, ML Colony, Adugodi, Bengaluru, Karnataka. Pin-560030 (India)","Hosur Road, ML Colony, Adugodi, Bengaluru, Karnataka. Pin-560030 (India)",425
1151,False,12.90637185,77.58138903,10,8.1,34.0,J.P. Nagar,"Dr Rajkumar Puniya Bhoomi Road, Learning to Fly, JP Nagar Phase 6, Bengaluru, Karnataka. Pin-560078 (India)","Dr Rajkumar Puniya Bhoomi Road, Learning to Fly, JP Nagar Phase 6, Bengaluru, Karnataka. Pin-560078 (India)",426
184,True,12.98669929130435,77.69011605652173,23,3.5652173913043477,34.0,Mahadevapura,"MN Krishnarao Road, Shivaganga Layout Phase 1, Mahadevapura, Bengaluru, Karnataka. Pin-560048 (India)",Discovered Cluster #184,427
1145,False,12.93731220625,77.58238380625,16,5.25,33.5,Wilson Garden,"9th A Main Road, Madhavan Circle, Jayanagar East, Bengaluru, Karnataka. Pin-560011 (India)","9th A Main Road, Madhavan Circle, Jayanagar East, Bengaluru, Karnataka. Pin-560011 (India)",428
1155,False,12.970119799999999,77.61971478333334,6,9.833333333333334,29.5,Halasur,"Trinity Church Road, Trinity Circle, Ashok Nagar, Bengaluru, Karnataka. Pin-560001 (India)","Trinity Church Road, Trinity Circle, Ashok Nagar, Bengaluru, Karnataka. Pin-560001 (India)",429
1160,False,12.960401300000001,77.56813645,2,21.0,21.0,Chamarajpet,"Alur Venkata Rao Road, IMA Circle, Bengaluru, Karnataka. Pin-560018 (India)","Alur Venkata Rao Road, IMA Circle, Bengaluru, Karnataka. Pin-560018 (India)",430
1159,False,12.92900725,77.5730113,6,9.333333333333334,20.0,Banashankari,"2nd Main Road, AK Colony, Block 7, Jayanagar, Bengaluru, Karnataka. Pin-560070 (India)","2nd Main Road, AK Colony, Block 7, Jayanagar, Bengaluru, Karnataka. Pin-560070 (India)",431
1157,False,12.949109233333333,77.57471551666667,6,7.333333333333333,20.0,V.V.Puram (C.Pet),"National College Flyover, Vanivilas Circle, Basavanagudi, Bengaluru, Karnataka. Pin-560004 (India)","National College Flyover, Vanivilas Circle, Basavanagudi, Bengaluru, Karnataka. Pin-560004 (India)",432
1097,False,12.902271966666667,77.60116661666667,6,7.75,18.5,J.P. Nagar,"Bannerghatta Main Road, Bruchini Palya Industrial Area, Bilekahalli, Bengaluru, Karnataka. Pin-560076 (India)","Bannerghatta Main Road, Bruchini Palya Industrial Area, Bilekahalli, Bengaluru, Karnataka. Pin-560076 (India)",433
1162,False,12.91692145,77.589619825,4,12.375,16.5,J.P. Nagar,"46th Cross Road, Shanthi Park Apartments, Block 9, Jayanagar, Bengaluru, Karnataka. Pin-560069 (India)","46th Cross Road, Shanthi Park Apartments, Block 9, Jayanagar, Bengaluru, Karnataka. Pin-560069 (India)",434
1154,False,12.910156583333332,77.59579756666666,6,7.25,14.5,J.P. Nagar,"11th Cross Road, JP Nagar Phase 3, Bengaluru, Karnataka. Pin-560078 (India)","11th Cross Road, JP Nagar Phase 3, Bengaluru, Karnataka. Pin-560078 (India)",435
1161,False,12.968304466666666,77.62624706666666,3,12.666666666666666,13.0,Halasur,"3rd Cross Road, Zen Gardens, Halasuru, Bengaluru, Karnataka. Pin-560008 (India)","3rd Cross Road, Zen Gardens, Halasuru, Bengaluru, Karnataka. Pin-560008 (India)",436
1164,False,12.922882925,77.55213615,4,4.0,10.0,Banashankari,"Dr Rajkumar Puniya Bhoomi Road, Block 5 Phase 3, Banashankari Stage 3, Bengaluru, Karnataka. Pin-560085 (India)","Dr Rajkumar Puniya Bhoomi Road, Block 5 Phase 3, Banashankari Stage 3, Bengaluru, Karnataka. Pin-560085 (India)",437
1163,False,12.909717566666666,77.56602646666666,3,5.833333333333333,9.5,K.S. Layout,"9th Cross Road, Stage 1, Kumaraswamy Layout, Bengaluru, Karnataka. Pin-560111 (India)","9th Cross Road, Stage 1, Kumaraswamy Layout, Bengaluru, Karnataka. Pin-560111 (India)",438
1165,False,12.930421899999999,77.5451331,2,8.25,8.5,Banashankari,"50 Feet Road, Block 2, Banashankari Stage 3, Bengaluru, Karnataka. Pin-560085 (India)","50 Feet Road, Block 2, Banashankari Stage 3, Bengaluru, Karnataka. Pin-560085 (India)",439
1166,False,12.9195693,77.6132935,1,4.5,1.5,Madiwala,"8th Cross Road, Gangotri Circle, BTM Layout Stage 1, Bengaluru, Karnataka. Pin-560068 (India)","8th Cross Road, Gangotri Circle, BTM Layout Stage 1, Bengaluru, Karnataka. Pin-560068 (India)",440
